"Won_Series","Seed_Diff","Pyt_Win_Pct_Diff","eFG..Misc","TOV..Misc","ORB..Misc","FT.FGA.Misc","Opp.eFG..Misc","Opp.TOV..Misc","DRB..Misc","eFG..Misc_._Opponent","TOV..Misc_._Opponent","ORB..Misc_._Opponent","FT.FGA.Misc_._Opponent","Opp.eFG..Misc_._Opponent","Opp.TOV..Misc_._Opponent","DRB..Misc_._Opponent","Opp.FT.FGA.Misc_._Opponent","id"
1,7,0.073170731707317,0.525,12.2,21.2,0.22,0.503,12.6,75.3,0.487,12.3,27,0.206,0.507,12.4,76.8,0.169,"/teams/BOS/2017.htmlFirst"
1,5,0.109756097560976,0.547,12.6,21.9,0.206,0.516,11.4,75.8,0.516,12.8,21.2,0.212,0.512,13.6,75.5,0.225,"/teams/CLE/2017.htmlFirst"
1,3,0.146341463414634,0.517,11.8,25,0.233,0.507,13.5,76.3,0.527,13.2,21.5,0.21,0.518,13.6,75.4,0.215,"/teams/TOR/2017.htmlFirst"
1,1,0.0853658536585367,0.528,12.8,24.1,0.199,0.524,13.8,75.5,0.504,14.2,23.6,0.215,0.507,13.8,76.1,0.179,"/teams/WAS/2017.htmlFirst"
1,7,0.329268292682927,0.563,13.2,22.8,0.204,0.486,13.5,74.9,0.52,12.5,23,0.214,0.508,11.6,76.8,0.241,"/teams/GSW/2017.htmlFirst"
1,5,0.219512195121951,0.524,12.6,24,0.21,0.492,13.5,77.6,0.491,12.1,24.8,0.219,0.506,13.6,77.5,0.256,"/teams/SAS/2017.htmlFirst"
1,3,0.146341463414634,0.545,13.3,24.6,0.233,0.519,13.2,75.8,0.5,13.2,27.9,0.22,0.511,12.5,79,0.218,"/teams/HOU/2017.htmlFirst"
0,1,0,0.537,12,21.5,0.233,0.506,12.1,76.9,0.526,13.2,23.2,0.215,0.493,11.8,78.9,0.195,"/teams/LAC/2017.htmlFirst"
1,1,-0.0365853658536586,0.547,12.6,21.9,0.206,0.516,11.4,75.8,0.517,11.8,25,0.233,0.507,13.5,76.3,0.223,"/teams/CLE/2017.htmlSemifinals"
1,3,0.0243902439024389,0.525,12.2,21.2,0.22,0.503,12.6,75.3,0.528,12.8,24.1,0.199,0.524,13.8,75.5,0.213,"/teams/BOS/2017.htmlSemifinals"
1,4,0.182926829268293,0.563,13.2,22.8,0.204,0.486,13.5,74.9,0.526,13.2,23.2,0.215,0.493,11.8,78.9,0.195,"/teams/GSW/2017.htmlSemifinals"
1,1,0.0609756097560975,0.524,12.6,24,0.21,0.492,13.5,77.6,0.545,13.3,24.6,0.233,0.519,13.2,75.8,0.194,"/teams/SAS/2017.htmlSemifinals"
1,1,0.0853658536585366,0.563,13.2,22.8,0.204,0.486,13.5,74.9,0.524,12.6,24,0.21,0.492,13.5,77.6,0.192,"/teams/GSW/2017.htmlFinals"
0,1,-0.0121951219512195,0.525,12.2,21.2,0.22,0.503,12.6,75.3,0.547,12.6,21.9,0.206,0.516,11.4,75.8,0.174,"/teams/BOS/2017.htmlFinals"
1,7,0.170731707317073,0.524,12.7,25.1,0.194,0.496,12.6,78.5,0.491,12.2,27,0.197,0.504,12.5,79.3,0.196,"/teams/CLE/2016.htmlFirst"
1,5,0.0853658536585366,0.504,12.3,24.6,0.255,0.498,12.7,77.7,0.497,13.5,23.4,0.205,0.489,14.3,76,0.205,"/teams/TOR/2016.htmlFirst"
1,3,-0.0365853658536585,0.508,13.3,23.8,0.21,0.485,12.1,77.8,0.502,11.7,20,0.222,0.496,12.5,79.8,0.191,"/teams/MIA/2016.htmlFirst"
1,1,0.0121951219512195,0.516,13.8,19.1,0.185,0.48,14.4,74.6,0.488,12.1,25.1,0.208,0.487,14.6,74.6,0.231,"/teams/ATL/2016.htmlFirst"
1,7,0.280487804878049,0.563,13.5,23.5,0.191,0.479,12.6,76,0.516,14.2,25.7,0.244,0.516,14.7,72.8,0.219,"/teams/GSW/2016.htmlFirst"
1,5,0.390243902439024,0.526,12.4,23,0.197,0.477,14.1,79.1,0.477,12.3,25.3,0.231,0.518,15.2,75.1,0.251,"/teams/SAS/2016.htmlFirst"
1,3,0.231707317073171,0.524,14,31.1,0.228,0.484,11.7,76,0.502,12,20.6,0.211,0.504,12.8,76.2,0.198,"/teams/OKC/2016.htmlFirst"
0,1,0.121951219512195,0.524,12.1,20.1,0.22,0.48,13.8,73.8,0.511,13.2,25.9,0.202,0.503,12.1,76.2,0.225,"/teams/LAC/2016.htmlFirst"
1,3,0.073170731707317,0.524,12.7,25.1,0.194,0.496,12.6,78.5,0.516,13.8,19.1,0.185,0.48,14.4,74.6,0.194,"/teams/CLE/2016.htmlSemifinals"
1,1,0.0853658536585366,0.504,12.3,24.6,0.255,0.498,12.7,77.7,0.508,13.3,23.8,0.21,0.485,12.1,77.8,0.196,"/teams/TOR/2016.htmlSemifinals"
1,4,0.268292682926829,0.563,13.5,23.5,0.191,0.479,12.6,76,0.511,13.2,25.9,0.202,0.503,12.1,76.2,0.225,"/teams/GSW/2016.htmlSemifinals"
0,1,0.0975609756097561,0.526,12.4,23,0.197,0.477,14.1,79.1,0.524,14,31.1,0.228,0.484,11.7,76,0.205,"/teams/SAS/2016.htmlSemifinals"
1,1,0.048780487804878,0.524,12.7,25.1,0.194,0.496,12.6,78.5,0.504,12.3,24.6,0.255,0.498,12.7,77.7,0.201,"/teams/CLE/2016.htmlFinals"
1,2,0.0731707317073171,0.563,13.5,23.5,0.191,0.479,12.6,76,0.524,14,31.1,0.228,0.484,11.7,76,0.205,"/teams/GSW/2016.htmlFinals"
1,7,0.280487804878049,0.527,13.5,21.4,0.201,0.492,14.9,73.4,0.491,13,23.9,0.2,0.506,12.9,73.7,0.185,"/teams/ATL/2015.htmlFirst"
1,5,0.146341463414634,0.52,13.4,26.8,0.216,0.502,12.6,74.7,0.489,12.5,24.7,0.176,0.494,13.7,75,0.208,"/teams/CLE/2015.htmlFirst"
1,3,0.0975609756097561,0.489,12.9,27,0.238,0.473,11.3,74.4,0.499,15.5,25.4,0.195,0.487,15.9,73.3,0.221,"/teams/CHI/2015.htmlFirst"
0,1,0.073170731707317,0.508,12,25.6,0.232,0.506,13.4,73.3,0.499,14,24.9,0.192,0.481,12.9,77.3,0.21,"/teams/TOR/2015.htmlFirst"
1,7,0.268292682926829,0.54,13.1,24.1,0.184,0.47,14.3,74.5,0.501,12.5,27.1,0.198,0.496,11.7,75.1,0.195,"/teams/GSW/2015.htmlFirst"
1,5,0.0121951219512195,0.512,15,26.8,0.223,0.486,14.6,72.9,0.515,11.9,23.6,0.197,0.503,14.7,72.2,0.204,"/teams/HOU/2015.htmlFirst"
1,3,0,0.533,11.6,22.8,0.215,0.493,13.2,75.7,0.517,13.1,23.4,0.2,0.484,13.3,77.3,0.19,"/teams/LAC/2015.htmlFirst"
0,1,0.0365853658536586,0.508,12.6,24.2,0.18,0.476,11.3,76.2,0.489,12.6,24.7,0.214,0.492,14.5,75.3,0.183,"/teams/POR/2015.htmlFirst"
1,1,0.0365853658536586,0.52,13.4,26.8,0.216,0.502,12.6,74.7,0.489,12.9,27,0.238,0.473,11.3,74.4,0.182,"/teams/CLE/2015.htmlSemifinals"
1,4,0.158536585365854,0.527,13.5,21.4,0.201,0.492,14.9,73.4,0.499,14,24.9,0.192,0.481,12.9,77.3,0.21,"/teams/ATL/2015.htmlSemifinals"
1,1,-0.0975609756097561,0.512,15,26.8,0.223,0.486,14.6,72.9,0.533,11.6,22.8,0.215,0.493,13.2,75.7,0.231,"/teams/HOU/2015.htmlSemifinals"
1,4,0.182926829268293,0.54,13.1,24.1,0.184,0.47,14.3,74.5,0.489,12.6,24.7,0.214,0.492,14.5,75.3,0.183,"/teams/GSW/2015.htmlSemifinals"
0,1,0.0365853658536586,0.527,13.5,21.4,0.201,0.492,14.9,73.4,0.52,13.4,26.8,0.216,0.502,12.6,74.7,0.177,"/teams/ATL/2015.htmlFinals"
1,1,0.182926829268293,0.54,13.1,24.1,0.184,0.47,14.3,74.5,0.512,15,26.8,0.223,0.486,14.6,72.9,0.208,"/teams/GSW/2015.htmlFinals"
1,7,0.170731707317073,0.49,14.3,24.9,0.226,0.46,12.9,76.8,0.515,14.3,21,0.208,0.51,14,74.4,0.196,"/teams/IND/2014.htmlFirst"
1,5,0.170731707317073,0.554,14.6,20.6,0.228,0.511,15.8,73,0.481,11.7,21.9,0.219,0.491,12.6,77.6,0.183,"/teams/MIA/2014.htmlFirst"
0,3,0.146341463414634,0.498,13.2,27.2,0.239,0.493,14.1,74.9,0.514,14.1,21.7,0.236,0.509,14.9,72.3,0.236,"/teams/TOR/2014.htmlFirst"
0,1,0.0243902439024389,0.471,14.2,27.2,0.226,0.471,13.7,75.4,0.506,13.6,25.2,0.181,0.504,15,75.7,0.22,"/teams/CHI/2014.htmlFirst"
1,7,0.158536585365854,0.537,13.5,22.7,0.188,0.482,12.8,76.4,0.526,12.7,24.6,0.201,0.515,14.8,72.7,0.229,"/teams/SAS/2014.htmlFirst"
1,5,0.146341463414634,0.52,14,26.5,0.244,0.488,13.9,75.6,0.494,13.1,28.3,0.184,0.497,13.8,75.7,0.199,"/teams/OKC/2014.htmlFirst"
1,3,0.0609756097560975,0.526,12.7,25,0.258,0.484,13.8,72.5,0.517,13.8,25.1,0.186,0.477,13.6,76.3,0.224,"/teams/LAC/2014.htmlFirst"
0,1,0.0121951219512195,0.531,14.6,27.4,0.275,0.489,12.5,74.1,0.504,12.4,28,0.22,0.488,11,74.7,0.194,"/teams/HOU/2014.htmlFirst"
1,4,0.109756097560976,0.49,14.3,24.9,0.226,0.46,12.9,76.8,0.506,13.6,25.2,0.181,0.504,15,75.7,0.22,"/teams/IND/2014.htmlSemifinals"
1,4,0.195121951219512,0.554,14.6,20.6,0.228,0.511,15.8,73,0.514,14.1,21.7,0.236,0.509,14.9,72.3,0.236,"/teams/MIA/2014.htmlSemifinals"
1,4,0.109756097560976,0.537,13.5,22.7,0.188,0.482,12.8,76.4,0.504,12.4,28,0.22,0.488,11,74.7,0.194,"/teams/SAS/2014.htmlSemifinals"
1,1,-0.0121951219512195,0.52,14,26.5,0.244,0.488,13.9,75.6,0.526,12.7,25,0.258,0.484,13.8,72.5,0.222,"/teams/OKC/2014.htmlSemifinals"
0,1,0,0.49,14.3,24.9,0.226,0.46,12.9,76.8,0.554,14.6,20.6,0.228,0.511,15.8,73,0.212,"/teams/IND/2014.htmlFinals"
1,1,0.0365853658536586,0.537,13.5,22.7,0.188,0.482,12.8,76.4,0.52,14,26.5,0.244,0.488,13.9,75.6,0.221,"/teams/SAS/2014.htmlFinals"
1,7,0.304878048780488,0.552,13.7,22.2,0.224,0.487,14.8,73,0.476,12.7,27.9,0.174,0.492,14.4,71.3,0.201,"/teams/MIA/2013.htmlFirst"
1,5,0.152514302920807,0.515,11.7,25.6,0.196,0.508,14.8,74.7,0.503,14.1,20.1,0.204,0.482,14.2,73.3,0.216,"/teams/NYK/2013.htmlFirst"
1,3,0.129780186690756,0.479,14.3,30.3,0.219,0.453,12.9,74.6,0.517,14.2,22.2,0.174,0.496,14.2,73.6,0.181,"/teams/IND/2013.htmlFirst"
0,1,0.0487804878048781,0.498,14,30.9,0.219,0.503,13.1,73.7,0.47,13.6,29.4,0.201,0.477,13.2,73.6,0.206,"/teams/BRK/2013.htmlFirst"
1,7,0.170731707317073,0.527,14.4,26.7,0.28,0.469,13.5,73.4,0.525,14.9,26.4,0.232,0.502,13.5,75.2,0.196,"/teams/OKC/2013.htmlFirst"
1,5,0.170731707317073,0.531,14,20.5,0.204,0.48,13.7,74.9,0.512,13.9,27,0.239,0.496,11.9,74.3,0.163,"/teams/SAS/2013.htmlFirst"
0,3,0.134146341463415,0.515,13.6,31.4,0.216,0.493,14.3,71.8,0.506,14,25.4,0.201,0.486,12.4,75.5,0.211,"/teams/DEN/2013.htmlFirst"
0,1,0.0609756097560975,0.526,13.9,28.8,0.203,0.492,15.4,73.5,0.472,13.3,31,0.202,0.475,15.2,74.3,0.209,"/teams/LAC/2013.htmlFirst"
1,4,0.24390243902439,0.552,13.7,22.2,0.224,0.487,14.8,73,0.47,13.6,29.4,0.201,0.477,13.2,73.6,0.206,"/teams/MIA/2013.htmlSemifinals"
0,1,0.00436615477265889,0.515,11.7,25.6,0.196,0.508,14.8,74.7,0.479,14.3,30.3,0.219,0.453,12.9,74.6,0.197,"/teams/NYK/2013.htmlSemifinals"
0,4,0.121951219512195,0.527,14.4,26.7,0.28,0.469,13.5,73.4,0.472,13.3,31,0.202,0.475,15.2,74.3,0.209,"/teams/OKC/2013.htmlSemifinals"
1,4,0.170731707317073,0.531,14,20.5,0.204,0.48,13.7,74.9,0.506,14,25.4,0.201,0.486,12.4,75.5,0.211,"/teams/SAS/2013.htmlSemifinals"
1,2,0.114122252333634,0.552,13.7,22.2,0.224,0.487,14.8,73,0.479,14.3,30.3,0.219,0.453,12.9,74.6,0.197,"/teams/MIA/2013.htmlFinals"
1,3,0.048780487804878,0.531,14,20.5,0.204,0.48,13.7,74.9,0.472,13.3,31,0.202,0.475,15.2,74.3,0.209,"/teams/SAS/2013.htmlFinals"
0,7,0.121212121212121,0.49,13.2,32.6,0.184,0.45,12.8,74.3,0.48,10.9,24.4,0.161,0.46,13.5,75.2,0.192,"/teams/CHI/2012.htmlFirst"
1,5,0.0909090909090909,0.505,14.5,26.6,0.238,0.479,15.8,73.9,0.492,14.9,26.6,0.227,0.485,15.9,73.7,0.224,"/teams/MIA/2012.htmlFirst"
1,3,0.0909090909090909,0.474,13.1,29.2,0.251,0.476,14.1,72.3,0.506,14.5,26.5,0.193,0.488,12.9,75.5,0.19,"/teams/IND/2012.htmlFirst"
1,1,-0.0303030303030303,0.496,14.7,19.7,0.2,0.452,14.9,72.4,0.5,13.4,23.9,0.192,0.48,14.4,74.4,0.186,"/teams/BOS/2012.htmlFirst"
1,7,0.212121212121212,0.528,12.8,25.1,0.195,0.489,12.9,76,0.481,13,30.2,0.227,0.493,13.8,73.8,0.245,"/teams/SAS/2012.htmlFirst"
1,5,0.166666666666667,0.516,15.3,27.8,0.269,0.465,13,72.1,0.489,13.4,23.4,0.19,0.479,13.9,74.8,0.203,"/teams/OKC/2012.htmlFirst"
1,3,-0.0454545454545455,0.491,14.2,29.1,0.226,0.476,10.7,74.8,0.516,14.1,27.7,0.239,0.508,14.3,74.3,0.185,"/teams/LAL/2012.htmlFirst"
0,1,-0.0151515151515151,0.473,13.6,29.8,0.211,0.485,16.3,72.7,0.502,12.7,29.5,0.195,0.492,14.2,73.2,0.245,"/teams/MEM/2012.htmlFirst"
1,1,0.0909090909090909,0.505,14.5,26.6,0.238,0.479,15.8,73.9,0.474,13.1,29.2,0.251,0.476,14.1,72.3,0.222,"/teams/MIA/2012.htmlSemifinals"
1,4,-0.0606060606060606,0.496,14.7,19.7,0.2,0.452,14.9,72.4,0.48,10.9,24.4,0.161,0.46,13.5,75.2,0.192,"/teams/BOS/2012.htmlSemifinals"
1,4,0.136363636363636,0.528,12.8,25.1,0.195,0.489,12.9,76,0.502,12.7,29.5,0.195,0.492,14.2,73.2,0.245,"/teams/SAS/2012.htmlSemifinals"
1,1,0.151515151515152,0.516,15.3,27.8,0.269,0.465,13,72.1,0.491,14.2,29.1,0.226,0.476,10.7,74.8,0.158,"/teams/OKC/2012.htmlSemifinals"
0,1,0.0303030303030303,0.528,12.8,25.1,0.195,0.489,12.9,76,0.516,15.3,27.8,0.269,0.465,13,72.1,0.207,"/teams/SAS/2012.htmlFinals"
1,2,0.121212121212121,0.505,14.5,26.6,0.238,0.479,15.8,73.9,0.496,14.7,19.7,0.2,0.452,14.9,72.4,0.216,"/teams/MIA/2012.htmlFinals"
1,7,0.280487804878049,0.501,13.5,29.4,0.227,0.463,13.6,76.2,0.486,14.1,25.9,0.235,0.487,12.8,74.1,0.237,"/teams/CHI/2011.htmlFirst"
1,5,0.195121951219512,0.524,13.5,25.2,0.279,0.475,12.6,75.5,0.494,12.3,24.6,0.21,0.487,13.5,74.5,0.231,"/teams/MIA/2011.htmlFirst"
1,3,0.170731707317073,0.519,14.5,21.1,0.235,0.469,14.8,74.7,0.513,12.6,24.2,0.246,0.511,13.8,71.9,0.24,"/teams/BOS/2011.htmlFirst"
0,1,0.207317073170732,0.521,14.3,26.1,0.227,0.475,13.3,76.9,0.501,13.5,23.4,0.209,0.495,12.3,74.6,0.211,"/teams/ORL/2011.htmlFirst"
0,7,0.0975609756097562,0.527,12.8,24.9,0.229,0.491,12.6,74.6,0.493,13,28.9,0.218,0.502,15.7,72.5,0.228,"/teams/SAS/2011.htmlFirst"
1,5,0.170731707317073,0.502,12.3,29.2,0.228,0.477,12.8,72.3,0.493,12.8,25.1,0.226,0.501,14.4,76.2,0.22,"/teams/LAL/2011.htmlFirst"
1,3,0.0853658536585366,0.525,13.6,24.1,0.222,0.488,13,74.8,0.486,12.6,29.5,0.224,0.51,15.4,72,0.231,"/teams/DAL/2011.htmlFirst"
1,1,-0.0365853658536586,0.501,13.1,27.4,0.299,0.493,12.9,73.6,0.526,13.1,23.9,0.281,0.5,12.7,75.4,0.224,"/teams/OKC/2011.htmlFirst"
1,4,0.268292682926829,0.501,13.5,29.4,0.227,0.463,13.6,76.2,0.501,13.5,23.4,0.209,0.495,12.3,74.6,0.211,"/teams/CHI/2011.htmlSemifinals"
1,1,0.0487804878048781,0.524,13.5,25.2,0.279,0.475,12.6,75.5,0.519,14.5,21.1,0.235,0.469,14.8,74.7,0.235,"/teams/MIA/2011.htmlSemifinals"
0,1,0.0609756097560975,0.502,12.3,29.2,0.228,0.477,12.8,72.3,0.525,13.6,24.1,0.222,0.488,13,74.8,0.206,"/teams/LAL/2011.htmlSemifinals"
1,4,0.0365853658536586,0.501,13.1,27.4,0.299,0.493,12.9,73.6,0.493,13,28.9,0.218,0.502,15.7,72.5,0.228,"/teams/OKC/2011.htmlSemifinals"
0,1,0,0.501,13.5,29.4,0.227,0.463,13.6,76.2,0.524,13.5,25.2,0.279,0.475,12.6,75.5,0.223,"/teams/CHI/2011.htmlFinals"
1,1,0.024390243902439,0.525,13.6,24.1,0.222,0.488,13,74.8,0.501,13.1,27.4,0.299,0.493,12.9,73.6,0.228,"/teams/DAL/2011.htmlFinals"
1,7,0.280487804878049,0.532,13.4,25.1,0.246,0.482,12.3,77.2,0.477,13.3,26.6,0.217,0.484,12.3,74.8,0.212,"/teams/CLE/2010.htmlFirst"
1,5,0.195121951219512,0.536,13.6,24.6,0.246,0.477,12.2,77.4,0.49,15.1,26.5,0.26,0.491,14.7,74.2,0.194,"/teams/ORL/2010.htmlFirst"
1,3,0.0975609756097561,0.506,11.4,28.2,0.213,0.496,13.2,72.7,0.482,12.3,26.2,0.181,0.486,14.6,76.4,0.266,"/teams/ATL/2010.htmlFirst"
1,1,0.0487804878048781,0.522,14.5,22.8,0.248,0.487,14.9,73.8,0.496,12.8,26.1,0.223,0.48,13.9,74.9,0.246,"/teams/BOS/2010.htmlFirst"
1,7,0.0365853658536586,0.496,12.4,27.6,0.221,0.484,13.2,74.4,0.494,13.9,28.6,0.268,0.483,14,73.6,0.229,"/teams/LAL/2010.htmlFirst"
0,5,-0.0731707317073171,0.506,12.3,24.3,0.226,0.495,13.6,73.7,0.515,12.9,26.8,0.219,0.483,12.1,76.3,0.214,"/teams/DAL/2010.htmlFirst"
1,3,0.0365853658536586,0.546,13.6,27.6,0.24,0.491,11.6,70.8,0.499,12.1,28.2,0.249,0.502,13.3,74.8,0.219,"/teams/PHO/2010.htmlFirst"
0,1,-0.0365853658536586,0.509,12.7,26.1,0.29,0.495,13.8,72.4,0.524,14.2,26.8,0.252,0.492,14.2,75.6,0.269,"/teams/DEN/2010.htmlFirst"
0,3,0.0853658536585366,0.532,13.4,25.1,0.246,0.482,12.3,77.2,0.522,14.5,22.8,0.248,0.487,14.9,73.8,0.251,"/teams/CLE/2010.htmlSemifinals"
1,1,0.0853658536585366,0.536,13.6,24.6,0.246,0.477,12.2,77.4,0.506,11.4,28.2,0.213,0.496,13.2,72.7,0.208,"/teams/ORL/2010.htmlSemifinals"
1,4,-0.0121951219512195,0.496,12.4,27.6,0.221,0.484,13.2,74.4,0.524,14.2,26.8,0.252,0.492,14.2,75.6,0.269,"/teams/LAL/2010.htmlSemifinals"
1,4,-0.0121951219512195,0.546,13.6,27.6,0.24,0.491,11.6,70.8,0.515,12.9,26.8,0.219,0.483,12.1,76.3,0.214,"/teams/PHO/2010.htmlSemifinals"
1,2,0,0.496,12.4,27.6,0.221,0.484,13.2,74.4,0.546,13.6,27.6,0.24,0.491,11.6,70.8,0.224,"/teams/LAL/2010.htmlFinals"
0,2,0.109756097560976,0.536,13.6,24.6,0.246,0.477,12.2,77.4,0.522,14.5,22.8,0.248,0.487,14.9,73.8,0.251,"/teams/ORL/2010.htmlFinals"
1,7,0.304878048780488,0.519,12.5,27.7,0.236,0.468,13.5,74.6,0.483,11.7,27.9,0.212,0.485,11.7,74,0.248,"/teams/CLE/2009.htmlFirst"
1,5,0.25609756097561,0.528,15,27.9,0.251,0.47,14,75.6,0.493,13.3,28,0.239,0.493,13.1,70.9,0.238,"/teams/BOS/2009.htmlFirst"
1,3,0.219512195121951,0.52,13.4,24,0.251,0.465,12.3,75.9,0.485,13.4,31.3,0.253,0.507,14.9,71.4,0.216,"/teams/ORL/2009.htmlFirst"
1,1,0.0487804878048781,0.504,12.5,26,0.238,0.494,13.2,71.6,0.5,12.1,24.6,0.212,0.501,14.5,72.9,0.251,"/teams/ATL/2009.htmlFirst"
1,7,0.158536585365854,0.513,12.3,29.4,0.23,0.49,14.2,73,0.504,13.6,28.2,0.274,0.505,15,72.7,0.262,"/teams/LAL/2009.htmlFirst"
1,5,0.048780487804878,0.512,14.2,27.5,0.29,0.485,14.1,71.7,0.501,12.5,24.6,0.232,0.496,13.2,74.9,0.23,"/teams/DEN/2009.htmlFirst"
0,3,0.0609756097560976,0.513,11.7,22.1,0.191,0.487,11.7,78,0.504,12.1,26.6,0.224,0.493,12.3,74.6,0.225,"/teams/SAS/2009.htmlFirst"
0,1,0.0365853658536586,0.511,12.5,32.6,0.234,0.499,13.2,75,0.501,13.6,26.4,0.235,0.479,11.9,75.3,0.192,"/teams/POR/2009.htmlFirst"
1,4,0.0975609756097561,0.513,12.3,29.4,0.23,0.49,14.2,73,0.501,13.6,26.4,0.235,0.479,11.9,75.3,0.192,"/teams/LAL/2009.htmlSemifinals"
1,4,0.0365853658536586,0.512,14.2,27.5,0.29,0.485,14.1,71.7,0.504,12.1,26.6,0.224,0.493,12.3,74.6,0.225,"/teams/DEN/2009.htmlSemifinals"
1,3,0.231707317073171,0.519,12.5,27.7,0.236,0.468,13.5,74.6,0.504,12.5,26,0.238,0.494,13.2,71.6,0.21,"/teams/CLE/2009.htmlSemifinals"
0,1,0.024390243902439,0.528,15,27.9,0.251,0.47,14,75.6,0.52,13.4,24,0.251,0.465,12.3,75.9,0.209,"/teams/BOS/2009.htmlSemifinals"
0,2,0.0731707317073171,0.519,12.5,27.7,0.236,0.468,13.5,74.6,0.52,13.4,24,0.251,0.465,12.3,75.9,0.209,"/teams/CLE/2009.htmlFinals"
1,1,0.134146341463415,0.513,12.3,29.4,0.23,0.49,14.2,73,0.512,14.2,27.5,0.29,0.485,14.1,71.7,0.259,"/teams/LAL/2009.htmlFinals"
1,7,0.378048780487805,0.522,14.7,26.6,0.267,0.457,15.2,74.4,0.483,14,29.7,0.263,0.501,12.9,71.7,0.217,"/teams/BOS/2008.htmlFirst"
1,5,0.24390243902439,0.495,11.4,29.4,0.23,0.47,13.4,73.7,0.482,13.4,31.8,0.227,0.504,15.1,72,0.205,"/teams/DET/2008.htmlFirst"
1,3,0.0853658536585367,0.537,13.6,23.4,0.256,0.484,12.3,74.8,0.511,11.4,23.4,0.2,0.505,13.5,75,0.205,"/teams/ORL/2008.htmlFirst"
1,1,0,0.48,13.1,30.4,0.221,0.494,12.9,75.9,0.489,12.5,28.9,0.233,0.513,13.5,72.8,0.217,"/teams/CLE/2008.htmlFirst"
1,7,0.0975609756097561,0.525,12.9,26.3,0.256,0.485,12.9,73.4,0.51,12.9,25.5,0.269,0.499,14.1,72.1,0.203,"/teams/LAL/2008.htmlFirst"
1,5,0.024390243902439,0.512,11.4,27,0.193,0.501,13.5,75.4,0.502,12.3,26.7,0.259,0.474,11.7,75,0.252,"/teams/NOH/2008.htmlFirst"
1,3,0.0121951219512195,0.504,12.6,23.4,0.21,0.477,12.8,77.1,0.551,13.4,22.4,0.228,0.488,11.8,70.9,0.191,"/teams/SAS/2008.htmlFirst"
1,1,0.048780487804878,0.528,13.6,29.5,0.265,0.501,15,74.1,0.492,13,29.1,0.2,0.465,12.8,74.8,0.214,"/teams/UTA/2008.htmlFirst"
1,3,0.329268292682927,0.522,14.7,26.6,0.267,0.457,15.2,74.4,0.48,13.1,30.4,0.221,0.494,12.9,75.9,0.24,"/teams/BOS/2008.htmlSemifinals"
1,1,0.073170731707317,0.495,11.4,29.4,0.23,0.47,13.4,73.7,0.537,13.6,23.4,0.256,0.484,12.3,74.8,0.217,"/teams/DET/2008.htmlSemifinals"
1,3,0,0.525,12.9,26.3,0.256,0.485,12.9,73.4,0.528,13.6,29.5,0.265,0.501,15,74.1,0.294,"/teams/LAL/2008.htmlSemifinals"
0,1,0.0121951219512195,0.512,11.4,27,0.193,0.501,13.5,75.4,0.504,12.6,23.4,0.21,0.477,12.8,77.1,0.201,"/teams/NOH/2008.htmlSemifinals"
1,1,0.0609756097560975,0.522,14.7,26.6,0.267,0.457,15.2,74.4,0.495,11.4,29.4,0.23,0.47,13.4,73.7,0.244,"/teams/BOS/2008.htmlFinals"
1,2,0.048780487804878,0.525,12.9,26.3,0.256,0.485,12.9,73.4,0.504,12.6,23.4,0.21,0.477,12.8,77.1,0.201,"/teams/LAL/2008.htmlFinals"
0,1,-0.207317073170732,0.506,14.3,24.9,0.222,0.485,13.8,73.3,0.493,14.7,28.6,0.229,0.473,16.2,74.3,0.252,"/teams/MIA/2007.htmlFirst"
1,5,0.146341463414634,0.484,13.4,29.7,0.223,0.48,14.7,75.8,0.491,12.6,28.1,0.272,0.517,14.4,71,0.249,"/teams/CLE/2007.htmlFirst"
1,7,0.121951219512195,0.488,12,28.3,0.237,0.477,14.3,70.9,0.5,16.3,29.3,0.276,0.48,14.6,73.7,0.286,"/teams/DET/2007.htmlFirst"
0,3,0.0609756097560976,0.504,13,22.2,0.239,0.503,14.3,74.5,0.504,14.2,24.6,0.245,0.49,13.7,74.4,0.266,"/teams/TOR/2007.htmlFirst"
0,7,0.25609756097561,0.509,13.4,28.7,0.256,0.477,14.2,75,0.512,14.1,25.6,0.215,0.506,16.1,69.6,0.264,"/teams/DAL/2007.htmlFirst"
1,5,0.219512195121951,0.551,13.4,22.7,0.215,0.492,13.6,71.9,0.511,14.3,26.1,0.249,0.5,13.5,72.3,0.262,"/teams/PHO/2007.htmlFirst"
1,3,0.231707317073171,0.521,13.6,24.2,0.235,0.471,14,75.7,0.501,14.6,28.9,0.268,0.499,14.5,71.8,0.203,"/teams/SAS/2007.htmlFirst"
1,1,-0.0731707317073171,0.502,14.5,31.7,0.283,0.496,14.4,75.1,0.499,13.6,25.7,0.22,0.466,13.6,77,0.23,"/teams/UTA/2007.htmlFirst"
1,4,0.158536585365854,0.484,13.4,29.7,0.223,0.48,14.7,75.8,0.504,14.2,24.6,0.245,0.49,13.7,74.4,0.266,"/teams/CLE/2007.htmlSemifinals"
1,4,-0.024390243902439,0.488,12,28.3,0.237,0.477,14.3,70.9,0.493,14.7,28.6,0.229,0.473,16.2,74.3,0.252,"/teams/DET/2007.htmlSemifinals"
0,1,-0.0609756097560976,0.551,13.4,22.7,0.215,0.492,13.6,71.9,0.521,13.6,24.2,0.235,0.471,14,75.7,0.201,"/teams/PHO/2007.htmlSemifinals"
1,4,0.109756097560976,0.502,14.5,31.7,0.283,0.496,14.4,75.1,0.512,14.1,25.6,0.215,0.506,16.1,69.6,0.264,"/teams/UTA/2007.htmlSemifinals"
0,1,0.0121951219512195,0.488,12,28.3,0.237,0.477,14.3,70.9,0.484,13.4,29.7,0.223,0.48,14.7,75.8,0.243,"/teams/DET/2007.htmlFinals"
1,1,0.182926829268293,0.521,13.6,24.2,0.235,0.471,14,75.7,0.502,14.5,31.7,0.283,0.496,14.4,75.1,0.314,"/teams/SAS/2007.htmlFinals"
1,1,0.0243902439024389,0.492,13.3,28.4,0.263,0.49,12.8,75.7,0.484,12.8,29.5,0.284,0.504,15.1,70.9,0.256,"/teams/CLE/2006.htmlFirst"
1,7,0.268292682926829,0.497,11.2,28.9,0.216,0.477,13.7,71.2,0.492,13.8,27.3,0.238,0.504,13.8,74.6,0.262,"/teams/DET/2006.htmlFirst"
1,5,0.109756097560976,0.517,13.9,26.7,0.254,0.477,12.4,76.4,0.487,13.9,26.3,0.216,0.464,13.9,74.7,0.295,"/teams/MIA/2006.htmlFirst"
1,3,-0.0243902439024389,0.478,13.3,24,0.262,0.476,14,76.3,0.487,14.8,27.1,0.254,0.464,13,72.6,0.232,"/teams/NJN/2006.htmlFirst"
1,1,0.073170731707317,0.495,13.1,31.8,0.285,0.475,13.7,72.2,0.496,13.9,25.8,0.241,0.469,14.7,72,0.237,"/teams/DAL/2006.htmlFirst"
0,3,-0.0487804878048781,0.488,13.7,26.8,0.258,0.493,14.7,72,0.487,13.8,25.4,0.263,0.471,12.2,75.9,0.24,"/teams/DEN/2006.htmlFirst"
1,5,0.0853658536585367,0.537,12.2,22.1,0.166,0.49,13.2,72.1,0.495,13.1,28.8,0.245,0.486,13.4,73.6,0.242,"/teams/PHO/2006.htmlFirst"
1,7,0.195121951219512,0.513,13.6,26,0.209,0.457,13.5,74.2,0.492,13.9,25.4,0.262,0.488,13.7,72.2,0.21,"/teams/SAS/2006.htmlFirst"
1,3,0.146341463414634,0.497,11.2,28.9,0.216,0.477,13.7,71.2,0.492,13.3,28.4,0.263,0.49,12.8,75.7,0.226,"/teams/DET/2006.htmlSemifinals"
1,1,0.0853658536585366,0.517,13.9,26.7,0.254,0.477,12.4,76.4,0.478,13.3,24,0.262,0.476,14,76.3,0.266,"/teams/MIA/2006.htmlSemifinals"
0,3,0.0365853658536586,0.513,13.6,26,0.209,0.457,13.5,74.2,0.495,13.1,31.8,0.285,0.475,13.7,72.2,0.257,"/teams/SAS/2006.htmlSemifinals"
1,4,0.109756097560976,0.537,12.2,22.1,0.166,0.49,13.2,72.1,0.487,13.8,25.4,0.263,0.471,12.2,75.9,0.24,"/teams/PHO/2006.htmlSemifinals"
0,1,0.0975609756097561,0.497,11.2,28.9,0.216,0.477,13.7,71.2,0.517,13.9,26.7,0.254,0.477,12.4,76.4,0.251,"/teams/DET/2006.htmlFinals"
0,2,-0.0365853658536585,0.537,12.2,22.1,0.166,0.49,13.2,72.1,0.495,13.1,31.8,0.285,0.475,13.7,72.2,0.257,"/teams/PHO/2006.htmlFinals"
1,5,0.170731707317073,0.472,13.3,31.2,0.247,0.461,13.5,73,0.475,14.2,25.4,0.257,0.485,15.4,72.7,0.267,"/teams/DET/2005.htmlFirst"
0,3,0,0.501,14.7,27.2,0.273,0.481,14.2,70.1,0.476,14.1,26.4,0.283,0.472,13.6,71.3,0.261,"/teams/BOS/2005.htmlFirst"
1,7,0.280487804878049,0.524,13.1,27,0.26,0.46,12.4,74.1,0.463,13.7,25.5,0.242,0.479,15.2,73.2,0.278,"/teams/MIA/2005.htmlFirst"
0,1,0.0487804878048781,0.471,15.5,28.4,0.233,0.454,14.4,72.6,0.474,12.9,31.1,0.264,0.498,14.6,70,0.23,"/teams/CHI/2005.htmlFirst"
1,1,0.048780487804878,0.492,12.5,28.6,0.273,0.472,14.3,70.2,0.486,13.5,26.3,0.242,0.459,12.9,74.5,0.245,"/teams/DAL/2005.htmlFirst"
1,7,0.134146341463415,0.534,12.4,27.5,0.222,0.478,12,68.3,0.489,14.3,27.1,0.243,0.466,15.4,69.9,0.27,"/teams/PHO/2005.htmlFirst"
1,5,0.195121951219512,0.492,13.2,29.1,0.238,0.452,14.7,73.6,0.483,13.8,28.4,0.267,0.482,15.1,71.7,0.247,"/teams/SAS/2005.htmlFirst"
1,3,0.0121951219512195,0.495,13,32.4,0.259,0.496,12.9,71.3,0.496,12,28.8,0.226,0.493,13.3,69,0.214,"/teams/SEA/2005.htmlFirst"
1,4,0.121951219512195,0.472,13.3,31.2,0.247,0.461,13.5,73,0.476,14.1,26.4,0.283,0.472,13.6,71.3,0.261,"/teams/DET/2005.htmlSemifinals"
1,4,0.231707317073171,0.524,13.1,27,0.26,0.46,12.4,74.1,0.474,12.9,31.1,0.264,0.498,14.6,70,0.23,"/teams/MIA/2005.htmlSemifinals"
1,3,0.024390243902439,0.534,12.4,27.5,0.222,0.478,12,68.3,0.492,12.5,28.6,0.273,0.472,14.3,70.2,0.239,"/teams/PHO/2005.htmlSemifinals"
1,1,0.182926829268293,0.492,13.2,29.1,0.238,0.452,14.7,73.6,0.495,13,32.4,0.259,0.496,12.9,71.3,0.249,"/teams/SAS/2005.htmlSemifinals"
0,1,0.073170731707317,0.524,13.1,27,0.26,0.46,12.4,74.1,0.472,13.3,31.2,0.247,0.461,13.5,73,0.207,"/teams/MIA/2005.htmlFinals"
0,1,-0.0487804878048781,0.534,12.4,27.5,0.222,0.478,12,68.3,0.492,13.2,29.1,0.238,0.452,14.7,73.6,0.236,"/teams/PHO/2005.htmlFinals"
1,3,0.182926829268293,0.461,14.7,30.1,0.247,0.441,15.5,71.8,0.477,12.7,27.6,0.255,0.485,13.3,71.8,0.213,"/teams/DET/2004.htmlFirst"
1,7,0.25609756097561,0.471,14.1,28.5,0.243,0.459,15.7,73.9,0.486,15.4,25.2,0.245,0.479,15.7,69.5,0.24,"/teams/IND/2004.htmlFirst"
1,1,0.024390243902439,0.463,13.5,27.4,0.227,0.463,14.5,73.4,0.46,14.1,30.6,0.22,0.476,15,71.3,0.218,"/teams/MIA/2004.htmlFirst"
1,5,0.158536585365854,0.471,14.4,25.9,0.219,0.46,15.7,73.9,0.474,15.1,28,0.211,0.461,13.2,72.8,0.259,"/teams/NJN/2004.htmlFirst"
1,5,0.0609756097560976,0.481,12.8,28.1,0.244,0.471,14.3,73.3,0.484,16.4,26.5,0.221,0.447,13.1,74.5,0.233,"/teams/LAL/2004.htmlFirst"
1,7,0.158536585365854,0.486,12.4,26.7,0.207,0.444,12.9,72.5,0.467,14.2,30.5,0.245,0.481,15.6,69.3,0.221,"/teams/MIN/2004.htmlFirst"
1,1,0.024390243902439,0.507,13,26,0.242,0.483,13.7,69.8,0.495,11.1,31.4,0.204,0.498,13.9,71.6,0.214,"/teams/SAC/2004.htmlFirst"
1,3,0.170731707317073,0.473,14.1,29.5,0.219,0.433,14.8,74.6,0.479,13.9,29.5,0.234,0.465,15.7,68.4,0.251,"/teams/SAS/2004.htmlFirst"
0,1,-0.121951219512195,0.471,14.4,25.9,0.219,0.46,15.7,73.9,0.461,14.7,30.1,0.247,0.441,15.5,71.8,0.202,"/teams/NJN/2004.htmlSemifinals"
1,3,0.182926829268293,0.471,14.1,28.5,0.243,0.459,15.7,73.9,0.463,13.5,27.4,0.227,0.463,14.5,73.4,0.26,"/teams/IND/2004.htmlSemifinals"
1,1,-0.121951219512195,0.481,12.8,28.1,0.244,0.471,14.3,73.3,0.473,14.1,29.5,0.219,0.433,14.8,74.6,0.215,"/teams/LAL/2004.htmlSemifinals"
1,3,0.0243902439024389,0.486,12.4,26.7,0.207,0.444,12.9,72.5,0.507,13,26,0.242,0.483,13.7,69.8,0.193,"/teams/MIN/2004.htmlSemifinals"
0,2,-0.0121951219512195,0.471,14.1,28.5,0.243,0.459,15.7,73.9,0.461,14.7,30.1,0.247,0.441,15.5,71.8,0.202,"/teams/IND/2004.htmlFinals"
0,1,0.0609756097560975,0.486,12.4,26.7,0.207,0.444,12.9,72.5,0.481,12.8,28.1,0.244,0.471,14.3,73.3,0.222,"/teams/MIN/2004.htmlFinals"
0,3,0.134146341463415,0.469,13.7,29,0.263,0.458,14.3,72.3,0.47,13.4,23.6,0.227,0.471,15.1,72.5,0.242,"/teams/IND/2003.htmlFirst"
1,7,0.134146341463415,0.473,13.3,25.9,0.248,0.461,13.9,74,0.478,13.3,27,0.239,0.486,15.1,71.1,0.25,"/teams/DET/2003.htmlFirst"
1,5,0.170731707317073,0.468,13.8,28.7,0.252,0.46,15.7,73.1,0.5,12.2,25.6,0.222,0.494,13.5,69.9,0.237,"/teams/NJN/2003.htmlFirst"
1,1,0.0121951219512195,0.466,13.7,30.3,0.263,0.488,16.2,72.7,0.465,13.9,31.7,0.219,0.464,14,73.1,0.226,"/teams/PHI/2003.htmlFirst"
1,3,0.158536585365854,0.498,10.9,25.4,0.213,0.473,14.8,70.9,0.489,14.5,30.2,0.223,0.483,14.9,72.3,0.194,"/teams/DAL/2003.htmlFirst"
0,1,-0.0121951219512195,0.488,12.9,28.2,0.206,0.472,12.7,72.9,0.486,13.3,30.2,0.228,0.477,13.4,72.7,0.241,"/teams/MIN/2003.htmlFirst"
1,5,0.134146341463415,0.499,13.3,25.6,0.196,0.446,13.6,70.6,0.486,16,32.5,0.283,0.468,15.2,70.2,0.256,"/teams/SAC/2003.htmlFirst"
1,7,0.158536585365854,0.497,15.1,28.8,0.253,0.453,14.2,71.3,0.473,13.7,29.7,0.211,0.47,14.8,70.3,0.222,"/teams/SAS/2003.htmlFirst"
1,3,0.0487804878048781,0.473,13.3,25.9,0.248,0.461,13.9,74,0.466,13.7,30.3,0.263,0.488,16.2,72.7,0.243,"/teams/DET/2003.htmlSemifinals"
1,4,0.195121951219512,0.468,13.8,28.7,0.252,0.46,15.7,73.1,0.47,13.4,23.6,0.227,0.471,15.1,72.5,0.242,"/teams/NJN/2003.htmlSemifinals"
0,1,-0.0365853658536586,0.499,13.3,25.6,0.196,0.446,13.6,70.6,0.498,10.9,25.4,0.213,0.473,14.8,70.9,0.221,"/teams/SAC/2003.htmlSemifinals"
1,4,0.109756097560976,0.497,15.1,28.8,0.253,0.453,14.2,71.3,0.486,13.3,30.2,0.228,0.477,13.4,72.7,0.241,"/teams/SAS/2003.htmlSemifinals"
0,1,-0.0487804878048781,0.473,13.3,25.9,0.248,0.461,13.9,74,0.468,13.8,28.7,0.252,0.46,15.7,73.1,0.225,"/teams/DET/2003.htmlFinals"
1,2,-0.0609756097560976,0.497,15.1,28.8,0.253,0.453,14.2,71.3,0.498,10.9,25.4,0.213,0.473,14.8,70.9,0.221,"/teams/SAS/2003.htmlFinals"
1,3,0.0243902439024389,0.476,12.8,24.1,0.223,0.464,15.1,72.9,0.452,14.6,31.7,0.255,0.46,14.2,72.1,0.208,"/teams/BOS/2002.htmlFirst"
1,1,-0.024390243902439,0.466,13.3,30.6,0.238,0.465,13.3,72.2,0.493,12.6,26.3,0.21,0.486,14.4,69.2,0.215,"/teams/CHH/2002.htmlFirst"
1,5,0.0975609756097561,0.497,14.3,24.4,0.235,0.474,14.8,70.5,0.463,13.6,31.4,0.189,0.471,14.7,70.1,0.237,"/teams/DET/2002.htmlFirst"
1,7,0.134146341463415,0.476,13.4,29.2,0.206,0.459,14.9,71.6,0.477,14.2,27,0.253,0.469,13.2,71,0.227,"/teams/NJN/2002.htmlFirst"
1,1,0.024390243902439,0.507,11.3,26.1,0.232,0.485,12.9,70.7,0.49,12.5,31.3,0.203,0.482,12.7,73.7,0.218,"/teams/DAL/2002.htmlFirst"
1,3,0.121951219512195,0.498,11.8,28.8,0.218,0.453,13,72,0.485,13.5,31.8,0.218,0.489,14.2,73.3,0.202,"/teams/LAL/2002.htmlFirst"
1,7,0.207317073170732,0.497,12.4,27.9,0.231,0.467,13.6,71.7,0.472,15.4,33.5,0.291,0.484,15.9,71.7,0.286,"/teams/SAC/2002.htmlFirst"
1,5,0.109756097560976,0.492,13.8,27.2,0.262,0.453,13.7,71.9,0.505,13.2,29.4,0.189,0.485,14.5,68.1,0.206,"/teams/SAS/2002.htmlFirst"
0,1,0,0.497,14.3,24.4,0.235,0.474,14.8,70.5,0.476,12.8,24.1,0.223,0.464,15.1,72.9,0.245,"/teams/DET/2002.htmlSemifinals"
1,3,0.109756097560976,0.476,13.4,29.2,0.206,0.459,14.9,71.6,0.466,13.3,30.6,0.238,0.465,13.3,72.2,0.226,"/teams/NJN/2002.htmlSemifinals"
0,1,-0.0121951219512195,0.492,13.8,27.2,0.262,0.453,13.7,71.9,0.498,11.8,28.8,0.218,0.453,13,72,0.233,"/teams/SAS/2002.htmlSemifinals"
1,3,0.0975609756097561,0.497,12.4,27.9,0.231,0.467,13.6,71.7,0.507,11.3,26.1,0.232,0.485,12.9,70.7,0.239,"/teams/SAC/2002.htmlSemifinals"
1,2,0.0609756097560976,0.476,13.4,29.2,0.206,0.459,14.9,71.6,0.476,12.8,24.1,0.223,0.464,15.1,72.9,0.245,"/teams/NJN/2002.htmlFinals"
0,2,0.0121951219512195,0.497,12.4,27.9,0.231,0.467,13.6,71.7,0.498,11.8,28.8,0.218,0.453,13,72,0.233,"/teams/SAC/2002.htmlFinals"
0,3,0,0.469,13.7,24.3,0.227,0.46,15.3,72.7,0.457,13.7,29.8,0.246,0.456,14.1,74.5,0.222,"/teams/MIA/2001.htmlFirst"
1,5,0.0975609756097561,0.499,12.8,28.1,0.217,0.473,14.4,71.1,0.474,13.8,29.1,0.215,0.464,15.6,69.8,0.29,"/teams/MIL/2001.htmlFirst"
1,7,0.170731707317073,0.468,14.7,31.2,0.262,0.46,14.5,72.5,0.471,14.5,27,0.239,0.452,12.8,71.4,0.235,"/teams/PHI/2001.htmlFirst"
0,1,0.024390243902439,0.476,14.6,24.2,0.222,0.453,14.7,74.3,0.468,12.1,30.8,0.213,0.476,13.3,73.2,0.212,"/teams/NYK/2001.htmlFirst"
0,1,0.024390243902439,0.497,15.1,30.2,0.273,0.473,15.6,73.2,0.498,13.1,24.1,0.231,0.467,14.2,70.7,0.244,"/teams/UTA/2001.htmlFirst"
1,5,-0.024390243902439,0.498,13.3,31.1,0.238,0.468,12.2,72.5,0.497,14.8,30,0.225,0.47,14.3,72.4,0.223,"/teams/LAL/2001.htmlFirst"
1,3,0.109756097560976,0.484,13.4,27.2,0.23,0.46,14.5,70.7,0.46,14.1,27.3,0.221,0.46,16.3,73.7,0.252,"/teams/SAC/2001.htmlFirst"
1,7,0.219512195121951,0.496,13.6,27.1,0.267,0.444,12.9,73.7,0.482,13,28.6,0.199,0.478,14.2,71.9,0.238,"/teams/SAS/2001.htmlFirst"
1,4,0.0487804878048781,0.499,12.8,28.1,0.217,0.473,14.4,71.1,0.457,13.7,29.8,0.246,0.456,14.1,74.5,0.222,"/teams/MIL/2001.htmlSemifinals"
1,4,0.0731707317073171,0.468,14.7,31.2,0.262,0.46,14.5,72.5,0.468,12.1,30.8,0.213,0.476,13.3,73.2,0.212,"/teams/PHI/2001.htmlSemifinals"
1,1,-0.073170731707317,0.498,13.3,31.1,0.238,0.468,12.2,72.5,0.484,13.4,27.2,0.23,0.46,14.5,70.7,0.181,"/teams/LAL/2001.htmlSemifinals"
1,4,0.121951219512195,0.496,13.6,27.1,0.267,0.444,12.9,73.7,0.498,13.1,24.1,0.231,0.467,14.2,70.7,0.244,"/teams/SAS/2001.htmlSemifinals"
1,1,0.024390243902439,0.468,14.7,31.2,0.262,0.46,14.5,72.5,0.499,12.8,28.1,0.217,0.473,14.4,71.1,0.253,"/teams/PHI/2001.htmlFinals"
0,1,0.146341463414634,0.496,13.6,27.1,0.267,0.444,12.9,73.7,0.498,13.3,31.1,0.238,0.468,12.2,72.5,0.234,"/teams/SAS/2001.htmlFinals"
1,7,0.146341463414634,0.503,13.3,24.9,0.245,0.469,12.6,71.5,0.494,13.8,30,0.228,0.496,14.6,69.6,0.254,"/teams/IND/2000.htmlFirst"
1,5,0.0609756097560975,0.495,14.5,28.2,0.208,0.453,13.3,72.9,0.492,14.3,26.8,0.295,0.499,15.4,71.6,0.249,"/teams/MIA/2000.htmlFirst"
1,3,0.0609756097560976,0.482,14.4,24.7,0.221,0.455,13.6,73.1,0.464,12.7,30.1,0.23,0.48,14.2,71.8,0.247,"/teams/NYK/2000.htmlFirst"
0,1,0.048780487804878,0.475,13.7,25.7,0.285,0.478,14.6,73.2,0.457,14.2,31.4,0.233,0.466,16.2,69.9,0.229,"/teams/CHH/2000.htmlFirst"
1,7,0.182926829268293,0.484,12.7,30.6,0.241,0.443,13.4,73.1,0.486,13.9,27.7,0.209,0.479,15.1,69.7,0.198,"/teams/LAL/2000.htmlFirst"
0,1,0.0243902439024389,0.488,14.3,27.8,0.258,0.451,13.5,73,0.491,15.2,29.3,0.217,0.454,15.7,70.5,0.245,"/teams/SAS/2000.htmlFirst"
1,3,0.134146341463415,0.501,14.5,30.3,0.24,0.461,13.8,72.4,0.485,12.9,29.4,0.2,0.474,14,73,0.25,"/teams/POR/2000.htmlFirst"
1,5,0.121951219512195,0.49,14.3,29.5,0.26,0.477,15,73.2,0.487,12.9,28.5,0.196,0.483,14,69.6,0.193,"/teams/UTA/2000.htmlFirst"
1,4,0.109756097560976,0.503,13.3,24.9,0.245,0.469,12.6,71.5,0.457,14.2,31.4,0.233,0.466,16.2,69.9,0.229,"/teams/IND/2000.htmlSemifinals"
0,1,0.048780487804878,0.495,14.5,28.2,0.208,0.453,13.3,72.9,0.482,14.4,24.7,0.221,0.455,13.6,73.1,0.251,"/teams/MIA/2000.htmlSemifinals"
1,4,0.0975609756097561,0.484,12.7,30.6,0.241,0.443,13.4,73.1,0.491,15.2,29.3,0.217,0.454,15.7,70.5,0.245,"/teams/LAL/2000.htmlSemifinals"
0,1,-0.0609756097560975,0.49,14.3,29.5,0.26,0.477,15,73.2,0.501,14.5,30.3,0.24,0.461,13.8,72.4,0.217,"/teams/UTA/2000.htmlSemifinals"
1,2,0.0975609756097561,0.503,13.3,24.9,0.245,0.469,12.6,71.5,0.482,14.4,24.7,0.221,0.455,13.6,73.1,0.251,"/teams/IND/2000.htmlFinals"
1,2,0.0609756097560976,0.484,12.7,30.6,0.241,0.443,13.4,73.1,0.501,14.5,30.3,0.24,0.461,13.8,72.4,0.217,"/teams/LAL/2000.htmlFinals"
1,1,-0.02,0.436,14.5,33.1,0.277,0.437,13.4,72.1,0.48,15.6,30.5,0.256,0.468,15.4,72,0.259,"/teams/ATL/1999.htmlFirst"
1,5,0.08,0.486,12.8,28.7,0.253,0.46,12.7,69.9,0.489,14.3,29,0.222,0.463,16,67.6,0.275,"/teams/IND/1999.htmlFirst"
0,7,0.16,0.494,15.3,27.3,0.26,0.439,13.6,71,0.463,15.9,27.9,0.241,0.434,14.9,71,0.258,"/teams/MIA/1999.htmlFirst"
0,3,0.02,0.456,15.4,32.6,0.222,0.473,16.7,70.8,0.439,15.3,34.2,0.276,0.454,17.1,69.8,0.249,"/teams/ORL/1999.htmlFirst"
1,1,0.02,0.498,14.1,30.6,0.261,0.468,13.3,70.2,0.506,15.8,27.8,0.228,0.461,12.4,69.9,0.188,"/teams/LAL/1999.htmlFirst"
1,5,0.14,0.473,14.5,31.8,0.253,0.445,14.9,71.8,0.481,13,28.4,0.231,0.485,15.4,69.8,0.216,"/teams/POR/1999.htmlFirst"
1,7,0.26,0.479,14.6,30.4,0.259,0.423,13.8,69.5,0.439,11.7,32.5,0.196,0.467,15.8,70.2,0.276,"/teams/SAS/1999.htmlFirst"
1,3,0.26,0.485,16,30,0.32,0.441,14.4,70.4,0.479,14.7,30.6,0.205,0.471,13.7,67.7,0.176,"/teams/UTA/1999.htmlFirst"
1,4,0.0600000000000001,0.486,12.8,28.7,0.253,0.46,12.7,69.9,0.439,15.3,34.2,0.276,0.454,17.1,69.8,0.249,"/teams/IND/1999.htmlSemifinals"
0,4,0.08,0.436,14.5,33.1,0.277,0.437,13.4,72.1,0.463,15.9,27.9,0.241,0.434,14.9,71,0.258,"/teams/ATL/1999.htmlSemifinals"
1,1,-0.02,0.473,14.5,31.8,0.253,0.445,14.9,71.8,0.485,16,30,0.32,0.441,14.4,70.4,0.242,"/teams/POR/1999.htmlSemifinals"
1,3,0.18,0.479,14.6,30.4,0.259,0.423,13.8,69.5,0.498,14.1,30.6,0.261,0.468,13.3,70.2,0.267,"/teams/SAS/1999.htmlSemifinals"
0,6,0.1,0.486,12.8,28.7,0.253,0.46,12.7,69.9,0.463,15.9,27.9,0.241,0.434,14.9,71,0.258,"/teams/IND/1999.htmlFinals"
1,1,0.0600000000000001,0.479,14.6,30.4,0.259,0.423,13.8,69.5,0.473,14.5,31.8,0.253,0.445,14.9,71.8,0.233,"/teams/SAS/1999.htmlFinals"
1,1,-0.0487804878048781,0.495,14.6,30.4,0.259,0.493,14.6,70.8,0.481,14.1,33.9,0.275,0.468,13,69.1,0.194,"/teams/CHH/1998.htmlFirst"
1,7,0.182926829268293,0.473,13.3,35.7,0.219,0.457,14.7,70.6,0.463,12.9,36.7,0.253,0.499,16.7,66.4,0.258,"/teams/CHI/1998.htmlFirst"
1,3,0.121951219512195,0.502,14,27.9,0.262,0.453,14.4,67.8,0.478,16.5,30,0.266,0.46,16.8,71.1,0.264,"/teams/IND/1998.htmlFirst"
0,5,0.0853658536585367,0.494,14.5,31.5,0.243,0.452,14.2,69.6,0.476,14.7,29.5,0.218,0.455,14.7,74,0.282,"/teams/MIA/1998.htmlFirst"
1,3,0.195121951219512,0.519,14,31.6,0.285,0.467,14.1,68.8,0.476,15.8,33,0.256,0.46,13.4,71.4,0.249,"/teams/LAL/1998.htmlFirst"
0,1,0.0365853658536586,0.5,14,29.7,0.217,0.471,15.3,70,0.493,15.6,30.6,0.241,0.437,12.2,72.2,0.218,"/teams/PHO/1998.htmlFirst"
1,5,0.219512195121951,0.521,13.4,28.7,0.236,0.478,15.9,66.1,0.483,12.7,30.6,0.244,0.48,13.5,68.5,0.24,"/teams/SEA/1998.htmlFirst"
1,7,0.24390243902439,0.51,14.8,32.3,0.334,0.471,13.5,71,0.496,14.8,29.8,0.251,0.499,13.3,69.3,0.208,"/teams/UTA/1998.htmlFirst"
1,3,0.170731707317073,0.473,13.3,35.7,0.219,0.457,14.7,70.6,0.495,14.6,30.4,0.259,0.493,14.6,70.8,0.224,"/teams/CHI/1998.htmlSemifinals"
1,4,0.121951219512195,0.502,14,27.9,0.262,0.453,14.4,67.8,0.476,14.7,29.5,0.218,0.455,14.7,74,0.282,"/teams/IND/1998.htmlSemifinals"
0,1,0,0.521,13.4,28.7,0.236,0.478,15.9,66.1,0.519,14,31.6,0.285,0.467,14.1,68.8,0.245,"/teams/SEA/1998.htmlSemifinals"
1,4,0.073170731707317,0.51,14.8,32.3,0.334,0.471,13.5,71,0.493,15.6,30.6,0.241,0.437,12.2,72.2,0.218,"/teams/UTA/1998.htmlSemifinals"
1,2,0.024390243902439,0.473,13.3,35.7,0.219,0.457,14.7,70.6,0.502,14,27.9,0.262,0.453,14.4,67.8,0.236,"/teams/CHI/1998.htmlFinals"
1,2,-0.024390243902439,0.51,14.8,32.3,0.334,0.471,13.5,71,0.519,14,31.6,0.285,0.467,14.1,68.8,0.245,"/teams/UTA/1998.htmlFinals"
1,1,0,0.498,14.6,31.5,0.236,0.472,15,69.2,0.512,13,27.5,0.244,0.487,14.6,70.4,0.197,"/teams/ATL/1997.htmlFirst"
1,7,0.268292682926829,0.511,12.5,35.9,0.199,0.471,14.8,69.3,0.505,14.6,30.2,0.21,0.491,15.3,70.3,0.226,"/teams/CHI/1997.htmlFirst"
1,5,0.207317073170732,0.507,15.5,29.2,0.233,0.465,15.6,70.6,0.481,14.5,30.9,0.227,0.495,15.3,67.3,0.211,"/teams/MIA/1997.htmlFirst"
1,3,0.048780487804878,0.501,17,30.5,0.255,0.463,15.4,73.4,0.518,14.3,28.7,0.243,0.496,13.3,68.1,0.204,"/teams/NYK/1997.htmlFirst"
1,3,0.207317073170732,0.52,15.6,28.4,0.232,0.481,13.3,71.4,0.485,14.4,28.8,0.254,0.486,14.6,68.3,0.252,"/teams/HOU/1997.htmlFirst"
1,1,0,0.496,13.7,31.6,0.243,0.478,15.1,68.5,0.503,15.4,32.5,0.249,0.471,14.3,72.4,0.268,"/teams/LAL/1997.htmlFirst"
1,5,0.231707317073171,0.51,14.2,30.9,0.269,0.49,17.7,69.1,0.508,13.4,27.1,0.241,0.507,14.4,69.4,0.215,"/teams/SEA/1997.htmlFirst"
1,7,0.365853658536585,0.53,14.7,29.7,0.299,0.48,15.5,71.6,0.482,14.7,30.8,0.227,0.499,15.5,68.1,0.269,"/teams/UTA/1997.htmlFirst"
1,3,0.134146341463415,0.511,12.5,35.9,0.199,0.471,14.8,69.3,0.498,14.6,31.5,0.236,0.472,15,69.2,0.191,"/teams/CHI/1997.htmlSemifinals"
1,1,0.0853658536585366,0.507,15.5,29.2,0.233,0.465,15.6,70.6,0.501,17,30.5,0.255,0.463,15.4,73.4,0.279,"/teams/MIA/1997.htmlSemifinals"
0,1,0.0975609756097561,0.51,14.2,30.9,0.269,0.49,17.7,69.1,0.52,15.6,28.4,0.232,0.481,13.3,71.4,0.19,"/teams/SEA/1997.htmlSemifinals"
1,3,0.134146341463415,0.53,14.7,29.7,0.299,0.48,15.5,71.6,0.496,13.7,31.6,0.243,0.478,15.1,68.5,0.231,"/teams/UTA/1997.htmlSemifinals"
1,1,0.134146341463415,0.511,12.5,35.9,0.199,0.471,14.8,69.3,0.507,15.5,29.2,0.233,0.465,15.6,70.6,0.248,"/teams/CHI/1997.htmlFinals"
1,2,0.121951219512195,0.53,14.7,29.7,0.299,0.48,15.5,71.6,0.52,15.6,28.4,0.232,0.481,13.3,71.4,0.19,"/teams/UTA/1997.htmlFinals"
0,3,0.0609756097560975,0.509,15.5,33,0.294,0.491,14.7,69.3,0.49,14,34,0.229,0.512,16.3,67.1,0.217,"/teams/IND/1996.htmlFirst"
1,7,0.304878048780488,0.517,13.1,36.9,0.217,0.482,16.1,71.1,0.501,16,30.1,0.245,0.469,14.8,71.8,0.298,"/teams/CHI/1996.htmlFirst"
0,1,0.0121951219512195,0.51,13.7,28.6,0.226,0.506,16.3,70.2,0.509,14.9,25.5,0.232,0.476,14.8,71.1,0.251,"/teams/CLE/1996.htmlFirst"
1,5,0.0853658536585367,0.529,13.2,29,0.232,0.491,14,68.8,0.504,14.6,28,0.271,0.483,13.7,71.7,0.229,"/teams/ORL/1996.htmlFirst"
0,1,0.0853658536585366,0.515,13.3,30.1,0.228,0.491,14.9,66.8,0.512,14.1,26.9,0.243,0.495,13.6,68.6,0.206,"/teams/LAL/1996.htmlFirst"
1,5,0.195121951219512,0.516,13.6,27.5,0.252,0.472,13.9,70,0.498,13.5,29.8,0.286,0.511,13.3,71.4,0.225,"/teams/SAS/1996.htmlFirst"
1,7,0.341463414634146,0.526,16.2,29.7,0.288,0.479,16.7,69.5,0.493,16,32.5,0.271,0.498,15.1,69,0.302,"/teams/SEA/1996.htmlFirst"
1,3,0.134146341463415,0.517,14.1,31.6,0.276,0.489,15.1,71.7,0.494,15.2,33.4,0.23,0.478,13.5,73.4,0.236,"/teams/UTA/1996.htmlFirst"
1,4,0.268292682926829,0.517,13.1,36.9,0.217,0.482,16.1,71.1,0.509,14.9,25.5,0.232,0.476,14.8,71.1,0.251,"/teams/CHI/1996.htmlSemifinals"
1,4,0.134146341463415,0.529,13.2,29,0.232,0.491,14,68.8,0.49,14,34,0.229,0.512,16.3,67.1,0.217,"/teams/ORL/1996.htmlSemifinals"
1,4,0.182926829268293,0.526,16.2,29.7,0.288,0.479,16.7,69.5,0.512,14.1,26.9,0.243,0.495,13.6,68.6,0.206,"/teams/SEA/1996.htmlSemifinals"
0,1,-0.0121951219512195,0.516,13.6,27.5,0.252,0.472,13.9,70,0.517,14.1,31.6,0.276,0.489,15.1,71.7,0.295,"/teams/SAS/1996.htmlSemifinals"
1,1,0.170731707317073,0.517,13.1,36.9,0.217,0.482,16.1,71.1,0.529,13.2,29,0.232,0.491,14,68.8,0.223,"/teams/CHI/1996.htmlFinals"
1,2,0.024390243902439,0.526,16.2,29.7,0.288,0.479,16.7,69.5,0.517,14.1,31.6,0.276,0.489,15.1,71.7,0.295,"/teams/SEA/1996.htmlFinals"
0,1,-0.0487804878048781,0.517,14.3,26,0.247,0.485,13.8,68.5,0.509,14.5,32.9,0.224,0.488,16.7,68.2,0.263,"/teams/CHH/1995.htmlFirst"
1,5,0.0853658536585366,0.507,15.5,32.8,0.287,0.493,15.8,68.6,0.487,13.9,31.6,0.211,0.495,15.6,68.4,0.215,"/teams/IND/1995.htmlFirst"
1,3,0.0853658536585366,0.508,15.1,28.6,0.243,0.468,14.4,70.8,0.472,14.2,31.8,0.241,0.493,15,72.4,0.224,"/teams/NYK/1995.htmlFirst"
1,7,0.280487804878049,0.539,14,34,0.239,0.49,13.3,68.4,0.491,14.3,33.1,0.249,0.512,13.6,68.6,0.235,"/teams/ORL/1995.htmlFirst"
0,3,0.170731707317073,0.535,14.8,29.1,0.306,0.496,15.5,72.5,0.529,15,26.9,0.232,0.489,13.9,67.7,0.199,"/teams/UTA/1995.htmlFirst"
0,1,0.25609756097561,0.527,14.1,32.6,0.288,0.492,16.1,68.7,0.5,13.4,31.3,0.215,0.5,14.8,64.4,0.224,"/teams/SEA/1995.htmlFirst"
1,5,-0.0121951219512195,0.524,12.7,29.7,0.255,0.515,14,69.8,0.483,13,37.1,0.218,0.491,14.8,73.5,0.277,"/teams/PHO/1995.htmlFirst"
1,7,0.170731707317073,0.516,13.8,30.9,0.275,0.485,13,72.3,0.511,15.6,32,0.263,0.487,13.2,70.2,0.257,"/teams/SAS/1995.htmlFirst"
1,1,0.024390243902439,0.507,15.5,32.8,0.287,0.493,15.8,68.6,0.508,15.1,28.6,0.243,0.468,14.4,70.8,0.281,"/teams/IND/1995.htmlSemifinals"
1,4,0.0609756097560975,0.539,14,34,0.239,0.49,13.3,68.4,0.509,14.5,32.9,0.224,0.488,16.7,68.2,0.263,"/teams/ORL/1995.htmlSemifinals"
0,4,0.0487804878048781,0.524,12.7,29.7,0.255,0.515,14,69.8,0.529,15,26.9,0.232,0.489,13.9,67.7,0.199,"/teams/PHO/1995.htmlSemifinals"
1,4,0.207317073170732,0.516,13.8,30.9,0.275,0.485,13,72.3,0.5,13.4,31.3,0.215,0.5,14.8,64.4,0.224,"/teams/SAS/1995.htmlSemifinals"
1,1,0.0853658536585366,0.539,14,34,0.239,0.49,13.3,68.4,0.507,15.5,32.8,0.287,0.493,15.8,68.6,0.237,"/teams/ORL/1995.htmlFinals"
0,5,0.121951219512195,0.516,13.8,30.9,0.275,0.485,13,72.3,0.529,15,26.9,0.232,0.489,13.9,67.7,0.199,"/teams/SAS/1995.htmlFinals"
1,7,0.0975609756097562,0.48,13.6,34.6,0.221,0.475,16,67.7,0.488,14.3,35.3,0.253,0.479,14.5,69.1,0.284,"/teams/ATL/1994.htmlFirst"
1,3,-0.024390243902439,0.493,14.6,33.8,0.192,0.482,15.3,70.8,0.487,12.8,31.8,0.258,0.484,14.5,69,0.215,"/teams/CHI/1994.htmlFirst"
0,1,0.0121951219512195,0.514,14.4,33.8,0.231,0.479,13.3,66.3,0.5,16,34.4,0.27,0.471,14.9,68,0.267,"/teams/ORL/1994.htmlFirst"
1,5,0.158536585365854,0.483,15.1,34.4,0.232,0.451,16,71.4,0.461,12.7,34,0.267,0.475,13.5,69.1,0.212,"/teams/NYK/1994.htmlFirst"
0,7,0.231707317073171,0.501,13.7,34.4,0.256,0.479,18.2,67.3,0.478,15.3,32.2,0.256,0.453,13.4,69.6,0.252,"/teams/SEA/1994.htmlFirst"
1,5,0.0609756097560976,0.507,15,27.6,0.218,0.458,13.3,69.7,0.472,12.5,34.4,0.24,0.49,14.8,70.8,0.235,"/teams/HOU/1994.htmlFirst"
1,3,0.0975609756097561,0.509,13.9,35.2,0.236,0.493,13.5,69.3,0.512,14.9,32.9,0.214,0.488,14.7,64.4,0.21,"/teams/PHO/1994.htmlFirst"
0,1,0.0365853658536586,0.494,13.6,35.6,0.239,0.467,11.7,70.5,0.49,13.3,31.3,0.262,0.469,14.6,68.4,0.267,"/teams/SAS/1994.htmlFirst"
0,4,0.0609756097560976,0.48,13.6,34.6,0.221,0.475,16,67.7,0.5,16,34.4,0.27,0.471,14.9,68,0.267,"/teams/ATL/1994.htmlSemifinals"
1,1,0.121951219512195,0.483,15.1,34.4,0.232,0.451,16,71.4,0.493,14.6,33.8,0.192,0.482,15.3,70.8,0.225,"/teams/NYK/1994.htmlSemifinals"
1,1,-0.0121951219512195,0.507,15,27.6,0.218,0.458,13.3,69.7,0.509,13.9,35.2,0.236,0.493,13.5,69.3,0.202,"/teams/HOU/1994.htmlSemifinals"
1,3,0.0975609756097561,0.49,13.3,31.3,0.262,0.469,14.6,68.4,0.478,15.3,32.2,0.256,0.453,13.4,69.6,0.252,"/teams/UTA/1994.htmlSemifinals"
1,3,0.109756097560976,0.483,15.1,34.4,0.232,0.451,16,71.4,0.5,16,34.4,0.27,0.471,14.9,68,0.267,"/teams/NYK/1994.htmlFinals"
1,3,0,0.507,15,27.6,0.218,0.458,13.3,69.7,0.49,13.3,31.3,0.262,0.469,14.6,68.4,0.267,"/teams/HOU/1994.htmlFinals"
0,1,0.0365853658536586,0.495,12.9,31.2,0.21,0.479,12.9,69,0.499,13.8,31.3,0.254,0.487,12.6,65,0.201,"/teams/BOS/1993.htmlFirst"
1,5,0.231707317073171,0.499,12,36.3,0.199,0.493,15.4,68.7,0.493,14,34.8,0.227,0.516,14.6,68.5,0.224,"/teams/CHI/1993.htmlFirst"
1,3,0.158536585365854,0.518,12.5,28.1,0.247,0.482,13.1,69.1,0.473,14.4,35.5,0.244,0.48,14.1,69.5,0.24,"/teams/CLE/1993.htmlFirst"
1,7,0.146341463414634,0.479,14.1,33.1,0.249,0.444,14.9,72.1,0.498,13.5,34.2,0.262,0.485,12.7,67.4,0.281,"/teams/NYK/1993.htmlFirst"
1,5,0.134146341463415,0.515,14.5,30,0.235,0.474,13.4,68.5,0.493,13.9,32.7,0.213,0.489,15.1,66.7,0.263,"/teams/HOU/1993.htmlFirst"
1,7,0.231707317073171,0.521,14.2,33,0.27,0.496,13.9,69.2,0.486,13.7,31.4,0.249,0.5,14.3,66.4,0.215,"/teams/PHO/1993.htmlFirst"
0,1,0.0121951219512195,0.476,12.6,32.7,0.259,0.488,14.8,71,0.507,13.6,27.8,0.265,0.477,12.3,70.1,0.221,"/teams/POR/1993.htmlFirst"
1,3,0.146341463414634,0.502,13.5,35.5,0.241,0.489,16.4,67.7,0.498,13.8,31,0.279,0.487,13.9,68.7,0.25,"/teams/SEA/1993.htmlFirst"
1,1,0,0.499,12,36.3,0.199,0.493,15.4,68.7,0.518,12.5,28.1,0.247,0.482,13.1,69.1,0.185,"/teams/CHI/1993.htmlSemifinals"
1,4,0.219512195121951,0.479,14.1,33.1,0.249,0.444,14.9,72.1,0.499,13.8,31.3,0.254,0.487,12.6,65,0.201,"/teams/NYK/1993.htmlSemifinals"
1,4,0.109756097560976,0.521,14.2,33,0.27,0.496,13.9,69.2,0.507,13.6,27.8,0.265,0.477,12.3,70.1,0.221,"/teams/PHO/1993.htmlSemifinals"
0,1,-0.073170731707317,0.515,14.5,30,0.235,0.474,13.4,68.5,0.502,13.5,35.5,0.241,0.489,16.4,67.7,0.26,"/teams/HOU/1993.htmlSemifinals"
0,1,0,0.479,14.1,33.1,0.249,0.444,14.9,72.1,0.499,12,36.3,0.199,0.493,15.4,68.7,0.239,"/teams/NYK/1993.htmlFinals"
1,2,-0.024390243902439,0.521,14.2,33,0.27,0.496,13.9,69.2,0.502,13.5,35.5,0.241,0.489,16.4,67.7,0.26,"/teams/PHO/1993.htmlFinals"
1,5,0.0609756097560975,0.5,12.7,31.9,0.215,0.469,11.9,68.7,0.518,14.7,31.8,0.264,0.483,12.8,67.4,0.27,"/teams/BOS/1992.htmlFirst"
1,7,0.439024390243902,0.518,11.8,35.1,0.221,0.476,14.1,69.3,0.479,14.6,33,0.26,0.508,13.9,67.6,0.235,"/teams/CHI/1992.htmlFirst"
1,3,0.231707317073171,0.506,11.8,30.5,0.259,0.483,12.3,66.5,0.473,14.1,39.1,0.194,0.488,14.1,66.3,0.247,"/teams/CLE/1992.htmlFirst"
1,1,0.0609756097560976,0.491,13.7,34.6,0.216,0.471,14,71.1,0.477,13.5,34.9,0.228,0.468,12.5,68.5,0.204,"/teams/NYK/1992.htmlFirst"
1,1,0.0731707317073171,0.508,13.1,31.7,0.258,0.471,13,67.7,0.485,13.9,34.2,0.233,0.469,13.5,69.8,0.224,"/teams/PHO/1992.htmlFirst"
1,7,0.25609756097561,0.495,13.6,35.6,0.253,0.471,14.3,69.9,0.465,12,32.7,0.25,0.493,13.8,64,0.187,"/teams/POR/1992.htmlFirst"
0,3,0.048780487804878,0.524,13.6,31.8,0.262,0.499,14.9,64.2,0.489,14,36.5,0.249,0.491,14.2,66.8,0.269,"/teams/GSW/1992.htmlFirst"
1,5,0.158536585365854,0.504,13.7,32.7,0.286,0.475,13,68.9,0.483,13.6,31.6,0.226,0.475,14.9,67.5,0.244,"/teams/UTA/1992.htmlFirst"
1,3,0.170731707317073,0.518,11.8,35.1,0.221,0.476,14.1,69.3,0.491,13.7,34.6,0.216,0.471,14,71.1,0.248,"/teams/CHI/1992.htmlSemifinals"
0,1,-0.0487804878048781,0.5,12.7,31.9,0.215,0.469,11.9,68.7,0.506,11.8,30.5,0.259,0.483,12.3,66.5,0.174,"/teams/BOS/1992.htmlSemifinals"
1,3,0.0365853658536585,0.495,13.6,35.6,0.253,0.471,14.3,69.9,0.508,13.1,31.7,0.258,0.471,13,67.7,0.223,"/teams/POR/1992.htmlSemifinals"
1,4,0.134146341463415,0.504,13.7,32.7,0.286,0.475,13,68.9,0.489,14,36.5,0.249,0.491,14.2,66.8,0.269,"/teams/UTA/1992.htmlSemifinals"
1,2,0.134146341463415,0.518,11.8,35.1,0.221,0.476,14.1,69.3,0.506,11.8,30.5,0.259,0.483,12.3,66.5,0.174,"/teams/CHI/1992.htmlFinals"
1,1,0.024390243902439,0.495,13.6,35.6,0.253,0.471,14.3,69.9,0.504,13.7,32.7,0.286,0.475,13,68.9,0.214,"/teams/POR/1992.htmlFinals"
1,5,0.195121951219512,0.52,14,33,0.228,0.465,11.7,69.3,0.511,14.4,30.6,0.287,0.503,13.1,66.4,0.254,"/teams/BOS/1991.htmlFirst"
1,7,0.280487804878049,0.521,12.8,34.7,0.225,0.488,15.3,68.8,0.498,15.1,31.1,0.242,0.489,13.4,68.5,0.205,"/teams/CHI/1991.htmlFirst"
1,3,0.0853658536585366,0.474,13.1,34.7,0.245,0.464,12.8,71,0.482,12.9,33.1,0.282,0.509,13.7,69.1,0.22,"/teams/DET/1991.htmlFirst"
0,1,0.0853658536585366,0.499,14.3,31.8,0.258,0.5,16.4,66.1,0.489,13.4,28.1,0.27,0.489,12.5,68.3,0.187,"/teams/MIL/1991.htmlFirst"
0,5,0.0975609756097561,0.494,15.2,33.3,0.269,0.463,13.2,70.3,0.504,13.7,31,0.294,0.497,15.2,64.1,0.289,"/teams/SAS/1991.htmlFirst"
1,3,0.109756097560976,0.5,13.2,33,0.261,0.474,12.8,68.3,0.489,14.5,34.4,0.224,0.469,14.7,66.9,0.22,"/teams/LAL/1991.htmlFirst"
1,7,0.219512195121951,0.509,13.4,33.8,0.259,0.473,14.4,70.4,0.501,14.8,36.3,0.226,0.503,16,66.3,0.277,"/teams/POR/1991.htmlFirst"
0,1,0.0853658536585366,0.506,13.5,33,0.287,0.474,13.1,68.5,0.503,14.6,27.6,0.298,0.473,13.7,69.2,0.23,"/teams/PHO/1991.htmlFirst"
1,4,0.268292682926829,0.521,12.8,34.7,0.225,0.488,15.3,68.8,0.489,13.4,28.1,0.27,0.489,12.5,68.3,0.187,"/teams/CHI/1991.htmlSemifinals"
0,1,0.0731707317073171,0.52,14,33,0.228,0.465,11.7,69.3,0.474,13.1,34.7,0.245,0.464,12.8,71,0.248,"/teams/BOS/1991.htmlSemifinals"
1,4,0.170731707317073,0.5,13.2,33,0.261,0.474,12.8,68.3,0.504,13.7,31,0.294,0.497,15.2,64.1,0.289,"/teams/LAL/1991.htmlSemifinals"
1,4,0.146341463414634,0.509,13.4,33.8,0.259,0.473,14.4,70.4,0.503,14.6,27.6,0.298,0.473,13.7,69.2,0.23,"/teams/POR/1991.htmlSemifinals"
1,2,0.158536585365854,0.521,12.8,34.7,0.225,0.488,15.3,68.8,0.474,13.1,34.7,0.245,0.464,12.8,71,0.248,"/teams/CHI/1991.htmlFinals"
0,2,0.0365853658536586,0.509,13.4,33.8,0.259,0.473,14.4,70.4,0.5,13.2,33,0.261,0.474,12.8,68.3,0.176,"/teams/POR/1991.htmlFinals"
1,3,0.134146341463415,0.516,13.4,31.9,0.235,0.508,15.2,68.1,0.488,13.9,31.5,0.241,0.492,15.8,66,0.29,"/teams/CHI/1990.htmlFirst"
1,7,0.195121951219512,0.49,13.4,34.2,0.245,0.461,13.7,70.3,0.518,14.6,29,0.28,0.494,12.6,67.1,0.25,"/teams/DET/1990.htmlFirst"
0,1,0.073170731707317,0.506,13.4,31.5,0.251,0.477,10.8,72.1,0.501,14.8,34.2,0.25,0.482,13.3,66,0.215,"/teams/BOS/1990.htmlFirst"
1,5,0.170731707317073,0.502,12.9,32,0.281,0.495,13.3,68.4,0.485,13.5,31.5,0.235,0.49,14,67.7,0.202,"/teams/PHI/1990.htmlFirst"
1,7,0.158536585365854,0.512,13.2,32.8,0.271,0.479,12.8,68.5,0.491,15.5,33.1,0.225,0.475,14.7,69.2,0.228,"/teams/LAL/1990.htmlFirst"
0,1,-0.048780487804878,0.522,15.5,30.1,0.284,0.468,13.4,69.5,0.509,13.3,31.1,0.302,0.478,12.8,68.8,0.209,"/teams/UTA/1990.htmlFirst"
1,3,0.195121951219512,0.486,13.4,36.5,0.269,0.479,15.2,70.8,0.487,13.6,30.3,0.254,0.481,13.4,67.9,0.232,"/teams/POR/1990.htmlFirst"
1,5,0.0609756097560975,0.488,14.7,34.2,0.27,0.477,15,68.7,0.478,11.2,29.1,0.217,0.501,15.2,71.3,0.264,"/teams/SAS/1990.htmlFirst"
0,1,0.0487804878048781,0.502,12.9,32,0.281,0.495,13.3,68.4,0.516,13.4,31.9,0.235,0.508,15.2,68.1,0.262,"/teams/PHI/1990.htmlSemifinals"
1,4,0.146341463414634,0.49,13.4,34.2,0.245,0.461,13.7,70.3,0.501,14.8,34.2,0.25,0.482,13.3,66,0.215,"/teams/DET/1990.htmlSemifinals"
0,4,0,0.512,13.2,32.8,0.271,0.479,12.8,68.5,0.509,13.3,31.1,0.302,0.478,12.8,68.8,0.209,"/teams/LAL/1990.htmlSemifinals"
0,1,-0.0853658536585366,0.488,14.7,34.2,0.27,0.477,15,68.7,0.486,13.4,36.5,0.269,0.479,15.2,70.8,0.265,"/teams/SAS/1990.htmlSemifinals"
1,2,0.0853658536585366,0.49,13.4,34.2,0.245,0.461,13.7,70.3,0.516,13.4,31.9,0.235,0.508,15.2,68.1,0.262,"/teams/DET/1990.htmlFinals"
1,2,-0.0121951219512195,0.486,13.4,36.5,0.269,0.479,15.2,70.8,0.509,13.3,31.1,0.302,0.478,12.8,68.8,0.209,"/teams/POR/1990.htmlFinals"
0,3,0.182926829268293,0.514,14.2,31.2,0.264,0.473,15,67.1,0.507,14.4,30.7,0.238,0.487,13.5,69.5,0.239,"/teams/CLE/1989.htmlFirst"
1,7,0.146341463414634,0.502,14.4,34.5,0.266,0.458,13.2,69.2,0.498,14,34.7,0.258,0.493,12.7,70,0.248,"/teams/DET/1989.htmlFirst"
0,1,0.0487804878048781,0.48,13.5,37.1,0.3,0.482,15.4,64.7,0.487,13.7,32.7,0.273,0.493,16.1,67.5,0.266,"/teams/ATL/1989.htmlFirst"
1,5,0.0609756097560975,0.512,15.4,36.2,0.234,0.504,16.7,65.1,0.5,12.8,32.2,0.274,0.513,13.4,67.2,0.215,"/teams/NYK/1989.htmlFirst"
0,5,0.182926829268293,0.491,16.4,32,0.32,0.447,13.9,68.1,0.48,14.2,33.4,0.239,0.479,14.6,64.1,0.24,"/teams/UTA/1989.htmlFirst"
1,7,0.158536585365854,0.518,14,33,0.282,0.482,13,68.9,0.488,13.9,36.7,0.23,0.501,15.7,67.4,0.264,"/teams/LAL/1989.htmlFirst"
1,3,0.170731707317073,0.509,12.8,30.8,0.272,0.476,13.5,67.7,0.482,11.8,29.6,0.224,0.505,15.6,68.9,0.264,"/teams/PHO/1989.htmlFirst"
1,1,0.048780487804878,0.496,14.1,38.3,0.237,0.498,16,65.3,0.486,15.9,33.3,0.265,0.481,14.9,69,0.248,"/teams/SEA/1989.htmlFirst"
0,4,0.0609756097560975,0.512,15.4,36.2,0.234,0.504,16.7,65.1,0.507,14.4,30.7,0.238,0.487,13.5,69.5,0.239,"/teams/NYK/1989.htmlSemifinals"
1,4,0.0731707317073171,0.502,14.4,34.5,0.266,0.458,13.2,69.2,0.487,13.7,32.7,0.273,0.493,16.1,67.5,0.266,"/teams/DET/1989.htmlSemifinals"
1,3,0.121951219512195,0.518,14,33,0.282,0.482,13,68.9,0.496,14.1,38.3,0.237,0.498,16,65.3,0.271,"/teams/LAL/1989.htmlSemifinals"
1,4,0.231707317073171,0.509,12.8,30.8,0.272,0.476,13.5,67.7,0.48,14.2,33.4,0.239,0.479,14.6,64.1,0.24,"/teams/PHO/1989.htmlSemifinals"
1,5,0.134146341463415,0.502,14.4,34.5,0.266,0.458,13.2,69.2,0.507,14.4,30.7,0.238,0.487,13.5,69.5,0.239,"/teams/DET/1989.htmlFinals"
1,2,-0.0121951219512195,0.518,14,33,0.282,0.482,13,68.9,0.509,12.8,30.8,0.272,0.476,13.5,67.7,0.225,"/teams/LAL/1989.htmlFinals"
1,1,0.109756097560976,0.491,13,34.3,0.264,0.481,14.2,67.3,0.485,13.6,31.8,0.259,0.483,14.2,66.6,0.259,"/teams/ATL/1988.htmlFirst"
1,7,0.195121951219512,0.541,14.1,29.8,0.267,0.489,12.5,68.5,0.477,15.5,36,0.242,0.486,17,65.5,0.324,"/teams/BOS/1988.htmlFirst"
1,3,0.0853658536585366,0.494,13.6,34,0.24,0.478,13.5,70.6,0.5,15.5,31,0.268,0.485,15.2,66.4,0.227,"/teams/CHI/1988.htmlFirst"
1,5,0.182926829268293,0.497,14.2,34.2,0.282,0.475,14,68.5,0.47,14.4,34.2,0.267,0.487,14.4,65.2,0.231,"/teams/DET/1988.htmlFirst"
1,3,0.0853658536585366,0.485,13.2,37.5,0.275,0.481,13,67.5,0.476,13.9,33.1,0.263,0.473,14.2,66.7,0.243,"/teams/DAL/1988.htmlFirst"
1,5,0.0609756097560975,0.486,11.7,29.7,0.231,0.498,16,67.4,0.491,13.9,36.3,0.245,0.495,15.9,67.2,0.33,"/teams/DEN/1988.htmlFirst"
1,7,0.329268292682927,0.515,13.9,32.3,0.276,0.484,13,67.9,0.499,14.1,32,0.234,0.512,14,64.4,0.242,"/teams/LAL/1988.htmlFirst"
0,1,0.0121951219512195,0.499,13.5,34.3,0.279,0.485,14.5,68.4,0.5,15.4,30.4,0.254,0.459,14.9,66.7,0.262,"/teams/POR/1988.htmlFirst"
1,3,0.0609756097560976,0.541,14.1,29.8,0.267,0.489,12.5,68.5,0.491,13,34.3,0.264,0.481,14.2,67.3,0.28,"/teams/BOS/1988.htmlSemifinals"
1,1,0.0487804878048781,0.497,14.2,34.2,0.282,0.475,14,68.5,0.494,13.6,34,0.24,0.478,13.5,70.6,0.24,"/teams/DET/1988.htmlSemifinals"
0,1,-0.0121951219512195,0.486,11.7,29.7,0.231,0.498,16,67.4,0.485,13.2,37.5,0.275,0.481,13,67.5,0.203,"/teams/DEN/1988.htmlSemifinals"
1,4,0.0609756097560976,0.515,13.9,32.3,0.276,0.484,13,67.9,0.5,15.4,30.4,0.254,0.459,14.9,66.7,0.262,"/teams/LAL/1988.htmlSemifinals"
0,1,0.024390243902439,0.541,14.1,29.8,0.267,0.489,12.5,68.5,0.497,14.2,34.2,0.282,0.475,14,68.5,0.245,"/teams/BOS/1988.htmlFinals"
1,2,0.0487804878048781,0.515,13.9,32.3,0.276,0.484,13,67.9,0.485,13.2,37.5,0.275,0.481,13,67.5,0.203,"/teams/LAL/1988.htmlFinals"
1,5,0.24390243902439,0.49,13.3,37.2,0.283,0.46,13.9,67.4,0.478,13.4,30.5,0.232,0.487,14.9,68.8,0.281,"/teams/ATL/1987.htmlFirst"
1,7,0.170731707317073,0.532,14,29,0.247,0.471,12,67.6,0.478,13.4,35,0.245,0.491,13.8,70,0.251,"/teams/BOS/1987.htmlFirst"
1,3,0.158536585365854,0.492,14.5,34.7,0.275,0.471,13.3,69.9,0.457,13.3,34.5,0.262,0.48,14.6,63.4,0.222,"/teams/DET/1987.htmlFirst"
1,1,0.134146341463415,0.487,13,31.1,0.268,0.479,16,66.1,0.497,16.1,34.9,0.29,0.499,14.5,65.7,0.215,"/teams/MIL/1987.htmlFirst"
0,1,0.0853658536585366,0.473,14.1,31.2,0.231,0.466,15.7,65.2,0.487,13.7,32.5,0.266,0.503,14.2,65.3,0.272,"/teams/UTA/1987.htmlFirst"
0,3,0.0609756097560975,0.51,15.3,34.1,0.313,0.493,14.8,66.6,0.483,14.3,33.5,0.24,0.47,14.1,68,0.261,"/teams/POR/1987.htmlFirst"
1,7,0.280487804878049,0.528,14,34.1,0.278,0.476,13.8,66.3,0.478,11.8,32.2,0.248,0.503,15.4,67,0.307,"/teams/LAL/1987.htmlFirst"
0,5,0.170731707317073,0.503,12.3,33.8,0.291,0.486,13.5,66.5,0.495,15,37.6,0.261,0.486,13.5,66,0.296,"/teams/DAL/1987.htmlFirst"
1,3,0.073170731707317,0.532,14,29,0.247,0.471,12,67.6,0.487,13,31.1,0.268,0.479,16,66.1,0.307,"/teams/BOS/1987.htmlSemifinals"
0,1,0.109756097560976,0.49,13.3,37.2,0.283,0.46,13.9,67.4,0.492,14.5,34.7,0.275,0.471,13.3,69.9,0.267,"/teams/ATL/1987.htmlSemifinals"
1,4,0.329268292682927,0.528,14,34.1,0.278,0.476,13.8,66.3,0.487,13.7,32.5,0.266,0.503,14.2,65.3,0.272,"/teams/LAL/1987.htmlSemifinals"
0,1,0.024390243902439,0.483,14.3,33.5,0.24,0.47,14.1,68,0.495,15,37.6,0.261,0.486,13.5,66,0.296,"/teams/HOU/1987.htmlSemifinals"
1,2,0.0853658536585366,0.532,14,29,0.247,0.471,12,67.6,0.492,14.5,34.7,0.275,0.471,13.3,69.9,0.267,"/teams/BOS/1987.htmlFinals"
1,6,0.24390243902439,0.528,14,34.1,0.278,0.476,13.8,66.3,0.495,15,37.6,0.261,0.486,13.5,66,0.296,"/teams/LAL/1987.htmlFinals"
1,1,0.0365853658536585,0.493,15.3,34.9,0.282,0.481,15.4,66.7,0.488,13.3,33.5,0.232,0.496,14.9,67.6,0.266,"/teams/ATL/1986.htmlFirst"
1,7,0.390243902439024,0.518,14.1,31.3,0.244,0.466,13,71.7,0.487,14.7,35.1,0.266,0.509,13.5,67.4,0.28,"/teams/BOS/1986.htmlFirst"
1,5,0.317073170731707,0.501,13.9,33.8,0.282,0.473,16.6,67.4,0.489,15.9,33.3,0.248,0.499,15.5,70.6,0.282,"/teams/MIL/1986.htmlFirst"
1,3,0.134146341463415,0.49,16.1,37.3,0.302,0.499,15.6,66.7,0.471,14.2,29.1,0.238,0.472,14.2,66.1,0.224,"/teams/PHI/1986.htmlFirst"
1,1,0.0487804878048781,0.51,13.3,30,0.283,0.508,13,66.8,0.49,15.5,29.8,0.272,0.477,15.4,67.2,0.258,"/teams/DAL/1986.htmlFirst"
1,3,0,0.475,13,30.9,0.245,0.495,16.9,64.1,0.501,15.2,32.8,0.294,0.507,16.4,66.3,0.275,"/teams/DEN/1986.htmlFirst"
1,5,0.182926829268293,0.496,13.6,35.5,0.232,0.497,14.8,67.2,0.492,15.7,32.7,0.252,0.499,14.4,67.5,0.273,"/teams/HOU/1986.htmlFirst"
1,7,0.280487804878049,0.532,14.9,33.1,0.247,0.484,13.5,69.8,0.509,16.5,31.7,0.265,0.499,15.2,67.6,0.26,"/teams/LAL/1986.htmlFirst"
1,3,0.195121951219512,0.518,14.1,31.3,0.244,0.466,13,71.7,0.493,15.3,34.9,0.282,0.481,15.4,66.7,0.269,"/teams/BOS/1986.htmlSemifinals"
1,1,0.182926829268293,0.501,13.9,33.8,0.282,0.473,16.6,67.4,0.49,16.1,37.3,0.302,0.499,15.6,66.7,0.211,"/teams/MIL/1986.htmlSemifinals"
1,1,0.048780487804878,0.496,13.6,35.5,0.232,0.497,14.8,67.2,0.475,13,30.9,0.245,0.495,16.9,64.1,0.266,"/teams/HOU/1986.htmlSemifinals"
1,3,0.182926829268293,0.532,14.9,33.1,0.247,0.484,13.5,69.8,0.51,13.3,30,0.283,0.508,13,66.8,0.201,"/teams/LAL/1986.htmlSemifinals"
1,1,0.0121951219512195,0.518,14.1,31.3,0.244,0.466,13,71.7,0.501,13.9,33.8,0.282,0.473,16.6,67.4,0.281,"/teams/BOS/1986.htmlFinals"
0,1,0.134146341463415,0.532,14.9,33.1,0.247,0.484,13.5,69.8,0.496,13.6,35.5,0.232,0.497,14.8,67.2,0.243,"/teams/LAL/1986.htmlFinals"
1,7,0.280487804878049,0.515,13.8,32.8,0.254,0.481,12.6,70.4,0.478,14.1,32.9,0.254,0.483,13.7,66.9,0.265,"/teams/BOS/1985.htmlFirst"
1,1,0.0609756097560975,0.483,13,35.4,0.223,0.501,14.9,69.6,0.493,13.8,33.9,0.219,0.505,15.6,68.2,0.263,"/teams/DET/1985.htmlFirst"
1,5,0.231707317073171,0.497,14.2,35.4,0.258,0.467,16.1,65.6,0.502,15.4,32.2,0.287,0.495,13.8,67.5,0.257,"/teams/MIL/1985.htmlFirst"
1,3,0.134146341463415,0.497,16,37.4,0.331,0.494,15.7,66.6,0.486,13.4,27.5,0.2,0.491,15.3,68.2,0.226,"/teams/PHI/1985.htmlFirst"
1,5,0.048780487804878,0.491,13.2,33.6,0.253,0.516,17,66.1,0.517,15.6,33.2,0.272,0.501,15,68.5,0.269,"/teams/DEN/1985.htmlFirst"
1,7,0.280487804878049,0.551,15.7,33.8,0.235,0.485,13.7,67.1,0.497,16.3,29.8,0.246,0.498,15,68.3,0.24,"/teams/LAL/1985.htmlFirst"
0,1,-0.024390243902439,0.499,12.5,30.7,0.253,0.51,14.2,68.8,0.506,14.8,34,0.271,0.497,15.9,64.4,0.232,"/teams/DAL/1985.htmlFirst"
0,3,0.0487804878048781,0.507,16,37.4,0.213,0.487,15.2,67.4,0.483,15.8,29,0.257,0.469,15.7,65.3,0.238,"/teams/HOU/1985.htmlFirst"
1,3,0.121951219512195,0.515,13.8,32.8,0.254,0.481,12.6,70.4,0.483,13,35.4,0.223,0.501,14.9,69.6,0.245,"/teams/BOS/1985.htmlSemifinals"
0,1,0.0853658536585366,0.497,14.2,35.4,0.258,0.467,16.1,65.6,0.497,16,37.4,0.331,0.494,15.7,66.6,0.259,"/teams/MIL/1985.htmlSemifinals"
1,4,0.073170731707317,0.491,13.2,33.6,0.253,0.516,17,66.1,0.483,15.8,29,0.257,0.469,15.7,65.3,0.238,"/teams/DEN/1985.htmlSemifinals"
1,4,0.109756097560976,0.551,15.7,33.8,0.235,0.485,13.7,67.1,0.506,14.8,34,0.271,0.497,15.9,64.4,0.232,"/teams/LAL/1985.htmlSemifinals"
1,2,0.073170731707317,0.515,13.8,32.8,0.254,0.481,12.6,70.4,0.497,16,37.4,0.331,0.494,15.7,66.6,0.259,"/teams/BOS/1985.htmlFinals"
1,1,0.134146341463415,0.551,15.7,33.8,0.235,0.485,13.7,67.1,0.491,13.2,33.6,0.253,0.516,17,66.1,0.275,"/teams/LAL/1985.htmlFinals"
1,7,0.292682926829268,0.504,14.6,34.2,0.264,0.475,13.8,69.7,0.489,15.5,30.1,0.241,0.492,13.7,69.7,0.239,"/teams/BOS/1984.htmlFirst"
1,5,0.182926829268293,0.497,15,33.7,0.25,0.459,14.7,65.6,0.476,14.4,31.6,0.27,0.482,15.1,65.2,0.268,"/teams/MIL/1984.htmlFirst"
0,3,0.0365853658536585,0.497,16.9,34.6,0.299,0.484,16,65.9,0.501,16.1,34.6,0.24,0.494,17,67.8,0.292,"/teams/PHI/1984.htmlFirst"
0,1,-0.0121951219512195,0.482,12.7,36.7,0.25,0.5,14.8,67.7,0.499,16.7,33.4,0.284,0.491,17.8,68.1,0.281,"/teams/DET/1984.htmlFirst"
1,1,0.0121951219512195,0.503,13.6,31.7,0.245,0.503,14.4,65.7,0.49,14.3,30.7,0.271,0.492,13.8,66.6,0.226,"/teams/DAL/1984.htmlFirst"
1,7,0.158536585365854,0.536,16.1,33.7,0.236,0.487,14.3,66.6,0.49,15.3,32.4,0.268,0.505,16.1,66.9,0.266,"/teams/LAL/1984.htmlFirst"
0,3,0.0853658536585366,0.507,15.1,36.4,0.277,0.518,17,67.4,0.514,15.1,31.4,0.232,0.501,15.3,68.3,0.277,"/teams/POR/1984.htmlFirst"
1,5,0.0731707317073171,0.505,15.2,30.8,0.292,0.479,13.9,63.4,0.498,12.8,29.3,0.276,0.522,14.6,66.6,0.277,"/teams/UTA/1984.htmlFirst"
1,4,0.073170731707317,0.504,14.6,34.2,0.264,0.475,13.8,69.7,0.499,16.7,33.4,0.284,0.491,17.8,68.1,0.281,"/teams/BOS/1984.htmlSemifinals"
1,4,0.0975609756097561,0.497,15,33.7,0.25,0.459,14.7,65.6,0.501,16.1,34.6,0.24,0.494,17,67.8,0.292,"/teams/MIL/1984.htmlSemifinals"
1,3,0.0975609756097561,0.536,16.1,33.7,0.236,0.487,14.3,66.6,0.503,13.6,31.7,0.245,0.503,14.4,65.7,0.232,"/teams/LAL/1984.htmlSemifinals"
0,4,0.0121951219512195,0.505,15.2,30.8,0.292,0.479,13.9,63.4,0.514,15.1,31.4,0.232,0.501,15.3,68.3,0.277,"/teams/UTA/1984.htmlSemifinals"
1,1,0.0609756097560975,0.504,14.6,34.2,0.264,0.475,13.8,69.7,0.497,15,33.7,0.25,0.459,14.7,65.6,0.266,"/teams/BOS/1984.htmlFinals"
1,5,0.0853658536585366,0.536,16.1,33.7,0.236,0.487,14.3,66.6,0.514,15.1,31.4,0.232,0.501,15.3,68.3,0.277,"/teams/LAL/1984.htmlFinals"
