"Won_Series","BLK.Opp_Per_Poss","ORtg.Misc","eFG..Misc","BLK.Per_Poss_._Opponent","AST.Opp_Per_Poss_._Opponent","BLK.Opp_Per_Poss_._Opponent","DRtg.Misc_._Opponent","Opp.eFG..Misc_._Opponent","Playoff.Minutes","Balance","Seed_Diff","Pyt_Win_Pct_Diff","id"
1,5.3,111.2,0.525,5,24.7,4.8,107,0.507,5461,5,7,0.073170731707317,"/teams/BOS/2017.htmlFirst"
1,4.4,113.6,0.547,5.2,23.1,5.1,108.8,0.512,31245,6,5,0.109756097560976,"/teams/CLE/2017.htmlFirst"
1,5,112.3,0.517,5.6,25.3,4.8,109.3,0.518,10148,6,3,0.146341463414634,"/teams/TOR/2017.htmlFirst"
1,4.7,111.2,0.528,4.9,23.8,5.3,105.7,0.507,4663,7,1,0.0853658536585367,"/teams/WAS/2017.htmlFirst"
1,3.8,115.6,0.563,5.1,21,5.4,110.8,0.508,23344,8,7,0.329268292682927,"/teams/GSW/2017.htmlFirst"
1,4.3,111.1,0.524,4.5,21.5,5.4,107.1,0.506,26116,9,5,0.219512195121951,"/teams/SAS/2017.htmlFirst"
1,5,114.7,0.545,5.1,21.8,5.6,107.5,0.511,10006,8,3,0.146341463414634,"/teams/HOU/2017.htmlFirst"
0,3.3,112.7,0.537,5.4,19.4,4.1,105.3,0.493,19829,5,1,0,"/teams/LAC/2017.htmlFirst"
1,4.4,113.6,0.547,5.1,22.9,5,107.8,0.507,31245,6,1,-0.0365853658536586,"/teams/CLE/2017.htmlSemifinals"
1,5.3,111.2,0.525,4.2,23.2,4.7,109.3,0.524,5461,5,3,0.0243902439024389,"/teams/BOS/2017.htmlSemifinals"
1,3.8,115.6,0.563,5.4,19.4,4.1,105.3,0.493,23344,8,4,0.182926829268293,"/teams/GSW/2017.htmlSemifinals"
1,4.3,111.1,0.524,4.3,24,5,109,0.519,26116,9,1,0.0609756097560975,"/teams/SAS/2017.htmlSemifinals"
1,3.8,115.6,0.563,6.2,22.6,4.3,103.5,0.492,23344,8,1,0.0853658536585366,"/teams/GSW/2017.htmlFinals"
0,5.3,111.2,0.525,4.1,25.4,4.4,110.3,0.516,5461,5,1,-0.0121951219512195,"/teams/BOS/2017.htmlFinals"
1,4.7,110.9,0.524,3.9,22.4,4.6,105.5,0.504,22193,7,7,0.170731707317073,"/teams/CLE/2016.htmlFirst"
1,5.8,110,0.504,4.9,21.3,4.6,102.9,0.489,4146,6,5,0.0853658536585366,"/teams/TOR/2016.htmlFirst"
1,4.4,106.1,0.508,5.5,24,5.7,104.3,0.496,25050,8,3,-0.0365853658536585,"/teams/MIA/2016.htmlFirst"
1,5.1,105.1,0.516,4.3,21.1,5.5,103.6,0.487,13988,8,1,0.0121951219512195,"/teams/ATL/2016.htmlFirst"
1,4.1,114.5,0.563,5.3,25,5,108.1,0.516,14360,8,7,0.280487804878049,"/teams/GSW/2016.htmlFirst"
1,4.1,110.3,0.526,4.5,23.3,6.1,107.8,0.518,36890,11,5,0.390243902439024,"/teams/SAS/2016.htmlFirst"
1,4.7,113.1,0.524,3.9,22.9,4.6,107,0.504,11653,6,3,0.231707317073171,"/teams/OKC/2016.htmlFirst"
0,3.3,108.3,0.524,4.8,22.3,5.4,108,0.503,20757,5,1,0.121951219512195,"/teams/LAC/2016.htmlFirst"
1,4.7,110.9,0.524,6.1,22.5,5.1,101.4,0.48,22193,7,3,0.073170731707317,"/teams/CLE/2016.htmlSemifinals"
1,5.8,110,0.504,6.9,21.4,4.4,104.4,0.485,4146,6,1,0.0853658536585366,"/teams/TOR/2016.htmlSemifinals"
1,4.1,114.5,0.563,4.8,22.3,5.4,108,0.503,14360,8,4,0.268292682926829,"/teams/GSW/2016.htmlSemifinals"
0,4.1,110.3,0.526,6.1,22.1,4.7,105.6,0.484,36890,11,1,0.0975609756097561,"/teams/SAS/2016.htmlSemifinals"
1,4.7,110.9,0.524,5.9,23.3,5.8,105.2,0.498,22193,7,1,0.048780487804878,"/teams/CLE/2016.htmlFinals"
1,4.1,114.5,0.563,6.1,22.1,4.7,105.6,0.484,14360,8,2,0.0731707317073171,"/teams/GSW/2016.htmlFinals"
1,5.2,108.9,0.527,4.4,25.2,4.8,107.4,0.506,9158,9,7,0.280487804878049,"/teams/ATL/2015.htmlFirst"
1,4.8,111.1,0.52,3.7,22.6,5.4,104.5,0.494,21867,7,5,0.146341463414634,"/teams/CLE/2015.htmlFirst"
1,5.8,107.5,0.489,5.2,23.4,5,102.2,0.487,12546,6,3,0.0975609756097561,"/teams/CHI/2015.htmlFirst"
0,5.4,111,0.508,4.9,21,4.5,103,0.481,4365,7,1,0.073170731707317,"/teams/TOR/2015.htmlFirst"
1,3.6,111.6,0.54,6.8,22.6,6.3,107.3,0.496,8052,10,7,0.268292682926829,"/teams/GSW/2015.htmlFirst"
1,5.5,107,0.512,4.7,23.2,4,106.4,0.503,12385,9,5,0.0121951219512195,"/teams/HOU/2015.htmlFirst"
1,3.1,112.4,0.533,5.7,21.8,4.6,102,0.484,15189,5,3,0,"/teams/LAC/2015.htmlFirst"
0,3.8,108.2,0.508,4.5,21.7,5.6,102.2,0.492,6291,9,1,0.0365853658536586,"/teams/POR/2015.htmlFirst"
1,4.8,111.1,0.52,6.2,21.6,5.8,104.3,0.473,21867,7,1,0.0365853658536586,"/teams/CLE/2015.htmlSemifinals"
1,5.2,108.9,0.527,4.9,21,4.5,103,0.481,9158,9,4,0.158536585365854,"/teams/ATL/2015.htmlSemifinals"
1,5.5,107,0.512,5.3,24.5,3.1,105.5,0.493,12385,9,1,-0.0975609756097561,"/teams/HOU/2015.htmlSemifinals"
1,3.6,111.6,0.54,4.5,21.7,5.6,102.2,0.492,8052,10,4,0.182926829268293,"/teams/GSW/2015.htmlSemifinals"
0,5.2,108.9,0.527,4.5,25.9,4.8,106.3,0.502,9158,9,1,0.0365853658536586,"/teams/ATL/2015.htmlFinals"
1,3.6,111.6,0.54,5.1,22,5.5,103.4,0.486,8052,10,1,0.182926829268293,"/teams/GSW/2015.htmlFinals"
1,5,104.1,0.49,4.2,24.3,4.5,106.4,0.51,11893,7,7,0.170731707317073,"/teams/IND/2014.htmlFirst"
1,3.4,110.9,0.554,5.5,22.4,5.4,103.8,0.491,34822,6,5,0.170731707317073,"/teams/MIA/2014.htmlFirst"
0,4.6,108.8,0.498,4.1,22.7,4.4,107.7,0.509,3291,6,3,0.146341463414634,"/teams/TOR/2014.htmlFirst"
0,6.5,102.5,0.471,4.8,23.4,4.1,104.6,0.504,13709,6,1,0.0243902439024389,"/teams/CHI/2014.htmlFirst"
1,4.8,110.5,0.537,4.6,23.4,3.7,108.7,0.515,26484,11,7,0.158536585365854,"/teams/SAS/2014.htmlFirst"
1,3.8,110.5,0.52,5.1,22,5.5,104.6,0.497,19740,9,5,0.146341463414634,"/teams/OKC/2014.htmlFirst"
1,3.6,112.1,0.526,5.1,21.2,4.3,102.6,0.477,17261,6,3,0.0609756097560975,"/teams/LAC/2014.htmlFirst"
0,5.8,111,0.531,4.9,21.3,3.9,107.4,0.488,6827,7,1,0.0121951219512195,"/teams/HOU/2014.htmlFirst"
1,5,104.1,0.49,4.8,23.4,4.1,104.6,0.504,11893,7,4,0.109756097560976,"/teams/IND/2014.htmlSemifinals"
1,3.4,110.9,0.554,4.1,22.7,4.4,107.7,0.509,34822,6,4,0.195121951219512,"/teams/MIA/2014.htmlSemifinals"
1,4.8,110.5,0.537,4.9,21.3,3.9,107.4,0.488,26484,11,4,0.109756097560976,"/teams/SAS/2014.htmlSemifinals"
1,3.8,110.5,0.52,5,24.2,3.6,104.8,0.484,19740,9,1,-0.0121951219512195,"/teams/OKC/2014.htmlSemifinals"
0,5,104.1,0.49,4.9,23.2,3.4,105.8,0.511,11893,7,1,0,"/teams/IND/2014.htmlFinals"
1,4.8,110.5,0.537,6.4,22.7,3.8,103.9,0.488,26484,11,1,0.0365853658536586,"/teams/SAS/2014.htmlFinals"
1,3.5,112.3,0.552,7,24.2,4.6,105.2,0.492,30463,9,7,0.304878048780488,"/teams/MIA/2013.htmlFirst"
1,4.4,111.1,0.515,4.8,23.1,5,103.3,0.482,28419,10,5,0.152514302920807,"/teams/NYK/2013.htmlFirst"
1,6.2,104.3,0.479,4.8,23.8,4.6,104.4,0.496,4748,8,3,0.129780186690756,"/teams/IND/2013.htmlFirst"
0,5.3,108.2,0.498,5.6,20.9,6.5,103.2,0.477,8762,6,1,0.0487804878048781,"/teams/BRK/2013.htmlFirst"
1,4.2,112.4,0.527,4.5,23.5,6.3,106.1,0.502,17114,7,7,0.170731707317073,"/teams/OKC/2013.htmlFirst"
1,5.2,108.3,0.531,5.5,24.7,5.1,106.6,0.496,23390,10,5,0.170731707317073,"/teams/SAS/2013.htmlFirst"
0,7,110.4,0.515,4.4,24.8,5.1,105.5,0.486,4705,7,3,0.134146341463415,"/teams/DEN/2013.htmlFirst"
0,4.5,110.6,0.526,6,21.9,6.2,100.3,0.475,16481,8,1,0.0609756097560975,"/teams/LAC/2013.htmlFirst"
1,3.5,112.3,0.552,5.6,20.9,6.5,103.2,0.477,30463,9,4,0.24390243902439,"/teams/MIA/2013.htmlSemifinals"
0,4.4,111.1,0.515,7,21.1,6.2,99.8,0.453,28419,10,1,0.00436615477265889,"/teams/NYK/2013.htmlSemifinals"
0,4.2,112.4,0.527,6,21.9,6.2,100.3,0.475,17114,7,4,0.121951219512195,"/teams/OKC/2013.htmlSemifinals"
1,5.2,108.3,0.531,4.4,24.8,5.1,105.5,0.486,23390,10,4,0.170731707317073,"/teams/SAS/2013.htmlSemifinals"
1,3.5,112.3,0.552,7,21.1,6.2,99.8,0.453,30463,9,2,0.114122252333634,"/teams/MIA/2013.htmlFinals"
1,5.2,108.3,0.531,6,21.9,6.2,100.3,0.475,23390,10,3,0.048780487804878,"/teams/SAS/2013.htmlFinals"
0,5.8,107.4,0.49,5.7,21.7,5.3,99.2,0.46,13954,10,7,0.121212121212121,"/teams/CHI/2012.htmlFirst"
1,4.6,106.6,0.505,4.5,20.2,5.4,101,0.485,17345,10,5,0.0909090909090909,"/teams/MIA/2012.htmlFirst"
1,6.6,106.7,0.474,4.6,22.8,4.6,104.1,0.488,5615,7,3,0.0909090909090909,"/teams/IND/2012.htmlFirst"
1,5.1,101,0.496,5,22.3,5.2,101.2,0.48,21634,7,1,-0.0303030303030303,"/teams/BOS/2012.htmlFirst"
1,5.3,110.9,0.528,6.3,22,6.1,106.1,0.493,23654,11,7,0.212121212121212,"/teams/SAS/2012.htmlFirst"
1,5.2,109.8,0.516,5.5,22.1,4.3,102.3,0.479,14146,5,5,0.166666666666667,"/teams/OKC/2012.htmlFirst"
1,5,106,0.491,5.2,24.3,7,106.2,0.508,24586,5,3,-0.0454545454545455,"/teams/LAL/2012.htmlFirst"
0,6,104,0.473,5.3,23.1,5,105.7,0.492,4566,6,1,-0.0151515151515151,"/teams/MEM/2012.htmlFirst"
1,4.6,106.6,0.505,5.9,21.4,6.6,103.1,0.476,17345,10,1,0.0909090909090909,"/teams/MIA/2012.htmlSemifinals"
1,5.1,101,0.496,5.7,21.7,5.3,99.2,0.46,21634,7,4,-0.0606060606060606,"/teams/BOS/2012.htmlSemifinals"
1,5.3,110.9,0.528,5.3,23.1,5,105.7,0.492,23654,11,4,0.136363636363636,"/teams/SAS/2012.htmlSemifinals"
1,5.2,109.8,0.516,5.8,23.9,5,104.4,0.476,14146,5,1,0.151515151515152,"/teams/OKC/2012.htmlSemifinals"
0,5.3,110.9,0.528,8.7,21.2,5.2,103.2,0.465,23654,11,1,0.0303030303030303,"/teams/SAS/2012.htmlFinals"
1,4.6,106.6,0.505,6,20.5,5.1,98.2,0.452,17345,10,2,0.121212121212121,"/teams/MIA/2012.htmlFinals"
1,6.4,108.3,0.501,5.8,21.4,6,106,0.487,7870,10,7,0.280487804878049,"/teams/CHI/2011.htmlFirst"
1,3.3,111.7,0.524,4.7,23.1,4.9,105,0.487,21091,9,5,0.195121951219512,"/teams/MIA/2011.htmlFirst"
1,4.9,106.2,0.519,6,21.4,4.6,110.1,0.511,31818,10,3,0.170731707317073,"/teams/BOS/2011.htmlFirst"
0,4.1,107.9,0.521,4.6,23.8,4.7,107,0.495,17994,9,1,0.207317073170732,"/teams/ORL/2011.htmlFirst"
0,4.9,111.8,0.527,5.8,22.6,6.6,105.1,0.502,21801,9,7,0.0975609756097562,"/teams/SAS/2011.htmlFirst"
1,5,111,0.502,4.9,23.7,5.4,105.2,0.501,29049,5,5,0.170731707317073,"/teams/LAL/2011.htmlFirst"
1,4,109.7,0.525,4.9,21.7,4.7,107.1,0.51,21614,6,3,0.0853658536585366,"/teams/DAL/2011.htmlFirst"
1,4.6,111.2,0.501,4.5,23.2,6.2,107.3,0.5,5854,7,1,-0.0365853658536586,"/teams/OKC/2011.htmlFirst"
1,6.4,108.3,0.501,4.6,23.8,4.7,107,0.495,7870,10,4,0.268292682926829,"/teams/CHI/2011.htmlSemifinals"
1,3.3,111.7,0.524,4.6,20.6,4.9,100.3,0.469,21091,9,1,0.0487804878048781,"/teams/MIA/2011.htmlSemifinals"
0,5,111,0.502,4.7,22.5,4,105,0.488,29049,5,1,0.0609756097560975,"/teams/LAL/2011.htmlSemifinals"
1,4.6,111.2,0.501,5.8,22.6,6.6,105.1,0.502,5854,7,4,0.0365853658536586,"/teams/OKC/2011.htmlSemifinals"
0,6.4,108.3,0.501,5.7,22,3.3,103.5,0.475,7870,10,1,0,"/teams/CHI/2011.htmlFinals"
1,4,109.7,0.525,6.3,22.2,4.6,107.2,0.493,21614,6,1,0.024390243902439,"/teams/DAL/2011.htmlFinals"
1,4.3,111.2,0.532,6.2,22.2,5.7,105.3,0.484,18453,10,7,0.280487804878049,"/teams/CLE/2010.htmlFirst"
1,3.8,111.4,0.536,6,22.3,6.7,102.8,0.491,11022,12,5,0.195121951219512,"/teams/ORL/2010.htmlFirst"
1,4.8,111.9,0.506,5,20.7,5.5,103.1,0.486,9404,8,3,0.0975609756097561,"/teams/ATL/2010.htmlFirst"
1,5.1,107.7,0.522,6.2,20.8,4.8,104.1,0.48,23449,7,1,0.0487804878048781,"/teams/BOS/2010.htmlFirst"
1,4.7,108.8,0.496,6.3,21.1,5,104.6,0.483,21781,4,7,0.0365853658536586,"/teams/LAL/2010.htmlFirst"
0,4.4,109.2,0.506,5,20.9,5.5,104.5,0.483,23038,8,5,-0.0731707317073171,"/teams/DAL/2010.htmlFirst"
1,4.7,115.3,0.546,4.8,21.8,4.6,107.1,0.502,7746,8,3,0.0365853658536586,"/teams/PHO/2010.htmlFirst"
0,5.6,111.8,0.509,5.2,21.1,5.8,105,0.492,12417,5,1,-0.0365853658536586,"/teams/DEN/2010.htmlFirst"
0,4.3,111.2,0.532,5.3,21,5.1,103.8,0.487,18453,10,3,0.0853658536585366,"/teams/CLE/2010.htmlSemifinals"
1,3.8,111.4,0.536,5.5,23.1,4.8,106.7,0.496,11022,12,1,0.0853658536585366,"/teams/ORL/2010.htmlSemifinals"
1,4.7,108.8,0.496,5.2,21.1,5.8,105,0.492,21781,4,4,-0.0121951219512195,"/teams/LAL/2010.htmlSemifinals"
1,4.7,115.3,0.546,5,20.9,5.5,104.5,0.483,7746,8,4,-0.0121951219512195,"/teams/PHO/2010.htmlSemifinals"
1,4.7,108.8,0.496,5.3,21.7,4.7,110.2,0.491,21781,4,2,0,"/teams/LAL/2010.htmlFinals"
0,3.8,111.4,0.536,5.3,21,5.1,103.8,0.487,11022,12,2,0.109756097560976,"/teams/ORL/2010.htmlFinals"
1,4.6,112.4,0.519,5.2,23,4.8,108,0.485,13406,9,7,0.304878048780488,"/teams/CLE/2009.htmlFirst"
1,5.2,110.5,0.528,5.9,22.3,5.8,108.7,0.493,11866,10,5,0.25609756097561,"/teams/BOS/2009.htmlFirst"
1,4.1,109.2,0.52,5.6,24.3,5.4,107.8,0.507,7315,9,3,0.219512195121951,"/teams/ORL/2009.htmlFirst"
1,4.8,109.3,0.504,6,22,4.5,107.6,0.501,5470,5,1,0.0487804878048781,"/teams/ATL/2009.htmlFirst"
1,5,112.8,0.513,4.8,21.3,5.5,107.3,0.505,16366,7,7,0.158536585365854,"/teams/LAL/2009.htmlFirst"
1,5.8,110.4,0.512,4.7,22.8,4,107,0.496,13694,6,5,0.048780487804878,"/teams/DEN/2009.htmlFirst"
0,4.8,108.5,0.513,5.7,21.3,4.4,108.4,0.493,27374,7,3,0.0609756097560976,"/teams/SAS/2009.htmlFirst"
0,4.5,113.9,0.511,4.8,21.8,5.8,104,0.479,490,8,1,0.0365853658536586,"/teams/POR/2009.htmlFirst"
1,5,112.8,0.513,4.8,21.8,5.8,104,0.479,16366,7,4,0.0975609756097561,"/teams/LAL/2009.htmlSemifinals"
1,5.8,110.4,0.512,5.7,21.3,4.4,108.4,0.493,13694,6,4,0.0365853658536586,"/teams/DEN/2009.htmlSemifinals"
1,4.6,112.4,0.519,5.1,23.2,4.8,107.6,0.494,13406,9,3,0.231707317073171,"/teams/CLE/2009.htmlSemifinals"
0,5.2,110.5,0.528,5.8,19.6,4.1,101.9,0.465,11866,10,1,0.024390243902439,"/teams/BOS/2009.htmlSemifinals"
0,4.6,112.4,0.519,5.8,19.6,4.1,101.9,0.465,13406,9,2,0.0731707317073171,"/teams/CLE/2009.htmlFinals"
1,5,112.8,0.513,6.3,22.7,5.8,106.8,0.485,16366,7,1,0.134146341463415,"/teams/LAL/2009.htmlFinals"
1,5.2,110.2,0.522,5.9,24.2,5.6,108.9,0.501,13050,9,7,0.378048780487805,"/teams/BOS/2008.htmlFirst"
1,4.4,111.4,0.495,5.4,25.6,5.6,106,0.504,22009,9,5,0.24390243902439,"/teams/DET/2008.htmlFirst"
1,4.5,111.3,0.537,4.5,24.1,4.5,107,0.505,3948,8,3,0.0853658536585367,"/teams/ORL/2008.htmlFirst"
1,5.2,106,0.48,5.3,26.4,4.9,109.6,0.513,17363,6,1,0,"/teams/CLE/2008.htmlFirst"
1,4.7,113,0.525,6.7,25.5,4.8,106.3,0.499,12385,10,7,0.0975609756097561,"/teams/LAL/2008.htmlFirst"
1,4.5,111.5,0.512,5.4,20.9,4.8,106.1,0.474,6021,6,5,0.024390243902439,"/teams/NOH/2008.htmlFirst"
1,4.9,107.2,0.504,6.5,20.2,3.9,108.1,0.488,31218,7,3,0.0121951219512195,"/teams/SAS/2008.htmlFirst"
1,5.5,113.8,0.528,5.7,20.8,5.1,101.6,0.465,5319,7,1,0.048780487804878,"/teams/UTA/2008.htmlFirst"
1,5.2,110.2,0.522,5.7,23.1,5.2,106.4,0.494,13050,9,3,0.329268292682927,"/teams/BOS/2008.htmlSemifinals"
1,4.4,111.4,0.495,4.3,22.9,4.5,105.5,0.484,22009,9,1,0.073170731707317,"/teams/DET/2008.htmlSemifinals"
1,4.7,113,0.525,4.6,21.3,5.5,106.5,0.501,12385,10,3,0,"/teams/LAL/2008.htmlSemifinals"
0,4.5,111.5,0.512,4.6,20.4,4.9,101.8,0.477,6021,6,1,0.0121951219512195,"/teams/NOH/2008.htmlSemifinals"
1,5.2,110.2,0.522,6.6,21.8,4.4,102.9,0.47,13050,9,1,0.0609756097560975,"/teams/BOS/2008.htmlFinals"
1,4.7,113,0.525,4.6,20.4,4.9,101.8,0.477,12385,10,2,0.048780487804878,"/teams/LAL/2008.htmlFinals"
0,4.2,104.3,0.506,5.8,21.7,5.6,99.6,0.473,26590,7,1,-0.207317073170732,"/teams/MIA/2007.htmlFirst"
1,4.6,105.5,0.484,4.8,25,4.9,110.6,0.517,9267,5,5,0.146341463414634,"/teams/CLE/2007.htmlFirst"
1,4,108.9,0.488,5.6,21.7,5.1,104.1,0.48,23827,8,7,0.121951219512195,"/teams/DET/2007.htmlFirst"
0,4.2,107,0.504,3.6,23.9,4.9,106.6,0.49,2552,5,3,0.0609756097560976,"/teams/TOR/2007.htmlFirst"
0,4.2,111.3,0.509,5.7,24.8,4.9,107.4,0.506,16158,7,7,0.25609756097561,"/teams/DAL/2007.htmlFirst"
1,3.8,113.9,0.551,5.4,23,5.2,108.6,0.5,13075,5,5,0.219512195121951,"/teams/PHO/2007.htmlFirst"
1,4.6,109.2,0.521,5.4,25,5.3,105.9,0.499,24660,8,3,0.231707317073171,"/teams/SAS/2007.htmlFirst"
1,5.8,110.1,0.502,4.5,21.2,4.7,100.7,0.466,4497,7,1,-0.0731707317073171,"/teams/UTA/2007.htmlFirst"
1,4.6,105.5,0.484,3.6,23.9,4.9,106.6,0.49,9267,5,4,0.158536585365854,"/teams/CLE/2007.htmlSemifinals"
1,4,108.9,0.488,5.8,21.7,5.6,99.6,0.473,23827,8,4,-0.024390243902439,"/teams/DET/2007.htmlSemifinals"
0,3.8,113.9,0.551,5.6,19.1,4.6,99.9,0.471,13075,5,1,-0.0609756097560976,"/teams/PHO/2007.htmlSemifinals"
1,5.8,110.1,0.502,5.7,24.8,4.9,107.4,0.506,4497,7,4,0.109756097560976,"/teams/UTA/2007.htmlSemifinals"
0,4,108.9,0.488,4.7,21.9,4.6,101.3,0.48,23827,8,1,0.0121951219512195,"/teams/DET/2007.htmlFinals"
1,4.6,109.2,0.521,4.5,20.5,5.8,107,0.496,24660,8,1,0.182926829268293,"/teams/SAS/2007.htmlFinals"
1,4.8,107.8,0.492,4.4,23.2,4.5,107.3,0.504,4483,4,1,0.0243902439024389,"/teams/CLE/2006.htmlFirst"
1,4,110.8,0.497,3.6,24.5,5.5,107.4,0.504,21137,8,7,0.268292682926829,"/teams/DET/2006.htmlFirst"
1,4,108.7,0.517,4.5,21.4,5.4,103.4,0.464,20103,6,5,0.109756097560976,"/teams/MIA/2006.htmlFirst"
1,4.4,103.9,0.478,5.5,20.6,5.4,102.4,0.464,11739,4,3,-0.0243902439024389,"/teams/NJN/2006.htmlFirst"
1,5.5,111.8,0.495,6.2,22.5,6.4,101.6,0.469,9536,9,1,0.073170731707317,"/teams/DAL/2006.htmlFirst"
0,5.6,105.5,0.488,6.6,23.3,4.7,103.6,0.471,12008,5,3,-0.0487804878048781,"/teams/DEN/2006.htmlFirst"
1,3.5,111.5,0.537,4.7,23,4.7,105.7,0.486,10086,7,5,0.0853658536585367,"/teams/PHO/2006.htmlFirst"
1,4.7,107.3,0.513,3.9,22.8,5.3,105,0.488,24150,9,7,0.195121951219512,"/teams/SAS/2006.htmlFirst"
1,4,110.8,0.497,5.3,22.5,4.8,105.4,0.49,21137,8,3,0.146341463414634,"/teams/DET/2006.htmlSemifinals"
1,4,108.7,0.517,3.8,22.2,4.4,102.4,0.476,20103,6,1,0.0853658536585366,"/teams/MIA/2006.htmlSemifinals"
0,4.7,107.3,0.513,6.7,19.7,5.5,105,0.475,24150,9,3,0.0365853658536586,"/teams/SAS/2006.htmlSemifinals"
1,3.5,111.5,0.537,6.6,23.3,4.7,103.6,0.471,10086,7,4,0.109756097560976,"/teams/PHO/2006.htmlSemifinals"
0,4,110.8,0.497,5.9,21.2,4,104.5,0.477,21137,8,1,0.0975609756097561,"/teams/DET/2006.htmlFinals"
0,3.5,111.5,0.537,6.7,19.7,5.5,105,0.475,10086,7,2,-0.0365853658536585,"/teams/PHO/2006.htmlFinals"
1,5.1,105.6,0.472,4.1,23.9,4.9,104.3,0.485,14478,6,5,0.170731707317073,"/teams/DET/2005.htmlFirst"
0,5.2,107.5,0.501,4.9,21.3,5.5,104.6,0.472,9575,5,3,0,"/teams/BOS/2005.htmlFirst"
1,3.5,110.2,0.524,4.2,22.5,5.4,103.1,0.479,17593,8,7,0.280487804878049,"/teams/MIA/2005.htmlFirst"
0,5.7,101.4,0.471,4.5,24.5,5.4,107.5,0.498,3179,6,1,0.0487804878048781,"/teams/CHI/2005.htmlFirst"
1,5.2,110.3,0.492,5.1,23.1,4.6,101.7,0.459,7734,9,1,0.048780487804878,"/teams/DAL/2005.htmlFirst"
1,4.3,114.5,0.534,6.6,22.5,6.6,102.9,0.466,4804,5,7,0.134146341463415,"/teams/PHO/2005.htmlFirst"
1,5.7,107.5,0.492,6.4,23.1,5.9,103.9,0.482,16832,10,5,0.195121951219512,"/teams/SAS/2005.htmlFirst"
1,5.4,112.2,0.495,4.1,22.9,4.7,108.2,0.493,2483,5,3,0.0121951219512195,"/teams/SEA/2005.htmlFirst"
1,5.1,105.6,0.472,4.9,21.3,5.5,104.6,0.472,14478,6,4,0.121951219512195,"/teams/DET/2005.htmlSemifinals"
1,3.5,110.2,0.524,4.5,24.5,5.4,107.5,0.498,17593,8,4,0.231707317073171,"/teams/MIA/2005.htmlSemifinals"
1,4.3,114.5,0.534,6,22.5,5.2,104.1,0.472,4804,5,3,0.024390243902439,"/teams/PHO/2005.htmlSemifinals"
1,5.7,107.5,0.492,4.7,23.5,5.4,109.6,0.496,16832,10,1,0.182926829268293,"/teams/SAS/2005.htmlSemifinals"
0,3.5,110.2,0.524,6.9,22.3,5.1,101.2,0.461,17593,8,1,0.073170731707317,"/teams/MIA/2005.htmlFinals"
0,4.3,114.5,0.534,7.4,18.9,5.7,98.8,0.452,4804,5,1,-0.0487804878048781,"/teams/PHO/2005.htmlFinals"
1,5.7,102,0.461,5.1,24.8,5.4,105.4,0.485,10619,10,3,0.182926829268293,"/teams/DET/2004.htmlFirst"
1,7.1,103.8,0.471,4.3,24.6,5.3,103.7,0.479,8930,9,7,0.25609756097561,"/teams/IND/2004.htmlFirst"
1,6.1,102.2,0.463,4.7,24.3,5.8,102.4,0.476,5314,7,1,0.024390243902439,"/teams/MIA/2004.htmlFirst"
1,5.1,100.8,0.471,5.3,22.6,5.2,103.3,0.461,13821,8,5,0.158536585365854,"/teams/NJN/2004.htmlFirst"
1,4,105.5,0.481,6.1,23.2,4.9,99,0.447,35170,7,5,0.0609756097560976,"/teams/LAL/2004.htmlFirst"
1,4,105.9,0.486,6.8,25.2,6.2,102.7,0.481,8982,7,7,0.158536585365854,"/teams/MIN/2004.htmlFirst"
1,5.4,110.3,0.507,5.7,25.2,5,107.4,0.498,11875,6,1,0.024390243902439,"/teams/SAC/2004.htmlFirst"
1,5.2,102.2,0.473,7.5,22.1,6.1,102.2,0.465,18516,8,3,0.170731707317073,"/teams/SAS/2004.htmlFirst"
0,5.1,100.8,0.471,7.9,21.6,5.7,95.4,0.441,13821,8,1,-0.121951219512195,"/teams/NJN/2004.htmlSemifinals"
1,7.1,103.8,0.471,4.3,21.1,6.1,101.7,0.463,8930,9,3,0.182926829268293,"/teams/IND/2004.htmlSemifinals"
1,4,105.5,0.481,7.3,19.3,5.2,94.1,0.433,35170,7,1,-0.121951219512195,"/teams/LAL/2004.htmlSemifinals"
1,4,105.9,0.486,4.3,22.8,5.4,104.9,0.483,8982,7,3,0.0243902439024389,"/teams/MIN/2004.htmlSemifinals"
0,7.1,103.8,0.471,7.9,21.6,5.7,95.4,0.441,8930,9,2,-0.0121951219512195,"/teams/IND/2004.htmlFinals"
0,4,105.9,0.486,5,22.4,4,101.3,0.471,8982,7,1,0.0609756097560975,"/teams/MIN/2004.htmlFinals"
0,6.8,104.6,0.469,4,24.3,4.9,101.6,0.471,8358,6,3,0.134146341463415,"/teams/IND/2003.htmlFirst"
1,4.9,104.1,0.473,3.9,23.9,5.4,105,0.486,7485,7,7,0.134146341463415,"/teams/DET/2003.htmlFirst"
1,5.6,103.8,0.468,4.6,25.2,4.4,108.6,0.494,10742,8,5,0.170731707317073,"/teams/NJN/2003.htmlFirst"
1,6.9,105,0.466,5.3,22,5.8,101.6,0.464,10452,8,1,0.0121951219512195,"/teams/PHI/2003.htmlFirst"
1,4.2,110.7,0.498,4.3,25.2,5.3,102.6,0.483,8121,8,3,0.158536585365854,"/teams/DAL/2003.htmlFirst"
0,5.3,106.1,0.488,6.1,22.8,4,104.7,0.477,5369,5,1,-0.0121951219512195,"/teams/MIN/2003.htmlFirst"
1,4.5,105.9,0.499,6.3,21.8,5.8,102.8,0.468,9905,10,5,0.134146341463415,"/teams/SAC/2003.htmlFirst"
1,5.7,105.6,0.497,5.3,24.1,6,102.5,0.47,15313,9,7,0.158536585365854,"/teams/SAS/2003.htmlFirst"
1,4.9,104.1,0.473,3.8,23.9,6.9,102.5,0.488,7485,7,3,0.0487804878048781,"/teams/DET/2003.htmlSemifinals"
1,5.6,103.8,0.468,4,24.3,4.9,101.6,0.471,10742,8,4,0.195121951219512,"/teams/NJN/2003.htmlSemifinals"
0,4.5,105.9,0.499,5.9,23.4,4.2,102.3,0.473,9905,10,1,-0.0365853658536586,"/teams/SAC/2003.htmlSemifinals"
1,5.7,105.6,0.497,6.1,22.8,4,104.7,0.477,15313,9,4,0.109756097560976,"/teams/SAS/2003.htmlSemifinals"
0,4.9,104.1,0.473,5,21.3,5.6,98.1,0.46,7485,7,1,-0.0487804878048781,"/teams/DET/2003.htmlFinals"
1,5.7,105.6,0.497,5.9,23.4,4.2,102.3,0.473,15313,9,2,-0.0609756097560976,"/teams/SAS/2003.htmlFinals"
1,6.2,103.4,0.476,5,24.2,6.3,100.3,0.46,1725,7,3,0.0243902439024389,"/teams/BOS/2002.htmlFirst"
1,5.7,104.3,0.466,5,25.1,5,105.3,0.486,9096,6,1,-0.024390243902439,"/teams/CHH/2002.htmlFirst"
1,4.5,104.8,0.497,6.2,22.3,5.4,103.1,0.471,3934,6,5,0.0975609756097561,"/teams/DET/2002.htmlFirst"
1,5.8,104,0.476,5.7,23.2,6.1,103.8,0.469,1466,8,7,0.134146341463415,"/teams/NJN/2002.htmlFirst"
1,4.9,112.2,0.507,5.7,24.8,5.4,105.3,0.482,10532,8,1,0.024390243902439,"/teams/DAL/2002.htmlFirst"
1,4.7,109.4,0.498,5,26.3,5.6,104,0.489,17668,6,3,0.121951219512195,"/teams/LAL/2002.htmlFirst"
1,4.9,109,0.497,7,21.3,7.3,104.6,0.484,6116,9,7,0.207317073170732,"/teams/SAC/2002.htmlFirst"
1,5.7,106.5,0.492,4.9,24.9,5.4,105.6,0.485,14455,7,5,0.109756097560976,"/teams/SAS/2002.htmlFirst"
0,4.5,104.8,0.497,3.8,23.6,6.2,101,0.464,3934,6,1,0,"/teams/DET/2002.htmlSemifinals"
1,5.8,104,0.476,6.2,22.2,5.7,103.3,0.465,1466,8,3,0.109756097560976,"/teams/NJN/2002.htmlSemifinals"
0,5.7,106.5,0.492,6.3,21.6,4.7,101.7,0.453,14455,7,1,-0.0121951219512195,"/teams/SAS/2002.htmlSemifinals"
1,4.9,109,0.497,5.1,24.3,4.9,107.7,0.485,6116,9,3,0.0975609756097561,"/teams/SAC/2002.htmlSemifinals"
1,5.8,104,0.476,3.8,23.6,6.2,101,0.464,1466,8,2,0.0609756097560976,"/teams/NJN/2002.htmlFinals"
0,4.9,109,0.497,6.3,21.6,4.7,101.7,0.453,6116,9,2,0.0121951219512195,"/teams/SAC/2002.htmlFinals"
0,5.9,101.1,0.469,6.1,23.6,5.1,99.5,0.456,19260,7,3,0,"/teams/MIA/2001.htmlFirst"
1,4.6,108.8,0.499,6.2,23.1,5.7,102.1,0.464,8142,8,5,0.0975609756097561,"/teams/MIL/2001.htmlFirst"
1,6.1,103.6,0.468,6.5,22.8,5.2,102.2,0.452,10391,9,7,0.170731707317073,"/teams/PHI/2001.htmlFirst"
0,4.7,101.2,0.476,6.9,22.4,5.8,103.4,0.476,19128,6,1,0.024390243902439,"/teams/NYK/2001.htmlFirst"
0,6.1,107.6,0.497,6.4,23.1,4.9,102.6,0.467,23078,5,1,0.024390243902439,"/teams/UTA/2001.htmlFirst"
1,4.3,108.4,0.498,5.7,23.8,4.4,101.8,0.47,22777,5,5,-0.024390243902439,"/teams/LAL/2001.htmlFirst"
1,6,105.6,0.484,5.6,21.5,5.4,98,0.46,6041,7,3,0.109756097560976,"/teams/SAC/2001.htmlFirst"
1,5.8,106.6,0.496,6,24.2,4.7,103.7,0.478,16539,8,7,0.219512195121951,"/teams/SAS/2001.htmlFirst"
1,4.6,108.8,0.499,6.1,23.6,5.1,99.5,0.456,8142,8,4,0.0487804878048781,"/teams/MIL/2001.htmlSemifinals"
1,6.1,103.6,0.468,6.9,22.4,5.8,103.4,0.476,10391,9,4,0.0731707317073171,"/teams/PHI/2001.htmlSemifinals"
1,4.3,108.4,0.498,5.5,23,6,99.6,0.46,22777,5,1,-0.073170731707317,"/teams/LAL/2001.htmlSemifinals"
1,5.8,106.6,0.496,6.4,23.1,4.9,102.6,0.467,16539,8,4,0.121951219512195,"/teams/SAS/2001.htmlSemifinals"
1,6.1,103.6,0.468,5.1,24.8,4.6,104.6,0.473,10391,9,1,0.024390243902439,"/teams/PHI/2001.htmlFinals"
0,5.8,106.6,0.496,6.4,21.8,4.3,104.8,0.468,16539,8,1,0.146341463414634,"/teams/SAS/2001.htmlFinals"
1,4.2,108.5,0.503,5,25.9,4.4,107.9,0.496,21397,9,7,0.146341463414634,"/teams/IND/2000.htmlFirst"
1,4.9,104.5,0.495,3.5,24,5,105.8,0.499,11932,6,5,0.0609756097560975,"/teams/MIA/2000.htmlFirst"
1,4.8,102.5,0.482,7.1,23.5,5.7,104.9,0.48,14505,6,3,0.0609756097560976,"/teams/NYK/2000.htmlFirst"
0,5.4,104.3,0.475,5,23.9,6.9,100,0.466,9681,7,1,0.048780487804878,"/teams/CHH/2000.htmlFirst"
1,4.5,107.3,0.484,4.7,23.8,4.9,102.1,0.479,18830,6,7,0.182926829268293,"/teams/LAL/2000.htmlFirst"
0,5.7,105,0.488,5.6,21.9,5.5,99,0.454,22865,6,1,0.0243902439024389,"/teams/SAS/2000.htmlFirst"
1,4.7,107.9,0.501,5.8,22.8,4.5,103.4,0.474,18115,10,3,0.134146341463415,"/teams/POR/2000.htmlFirst"
1,5.6,107.3,0.49,4.5,25.2,5.6,104.6,0.483,22865,5,5,0.121951219512195,"/teams/UTA/2000.htmlFirst"
1,4.2,108.5,0.503,5,23.9,6.9,100,0.466,21397,9,4,0.109756097560976,"/teams/IND/2000.htmlSemifinals"
0,4.9,104.5,0.495,4.7,21.8,4.8,100.9,0.455,11932,6,1,0.048780487804878,"/teams/MIA/2000.htmlSemifinals"
1,4.5,107.3,0.484,5.6,21.9,5.5,99,0.454,18830,6,4,0.0975609756097561,"/teams/LAL/2000.htmlSemifinals"
0,5.6,107.3,0.49,5.3,23,4.7,100.8,0.461,22865,5,1,-0.0609756097560975,"/teams/UTA/2000.htmlSemifinals"
1,4.2,108.5,0.503,4.7,21.8,4.8,100.9,0.455,21397,9,2,0.0975609756097561,"/teams/IND/2000.htmlFinals"
1,4.5,107.3,0.484,5.3,23,4.7,100.8,0.461,18830,6,2,0.0609756097560976,"/teams/LAL/2000.htmlFinals"
1,5.7,100.5,0.436,4.8,24.1,5.2,100.3,0.468,9608,5,1,-0.02,"/teams/ATL/1999.htmlFirst"
1,5.5,108.7,0.486,4.6,23.3,4.4,103,0.463,19983,7,5,0.08,"/teams/IND/1999.htmlFirst"
0,4.4,104.7,0.494,6,21.1,4.9,97.5,0.434,13557,7,7,0.16,"/teams/MIA/1999.htmlFirst"
0,5.4,100.3,0.456,6,22.3,5.9,97.6,0.454,16865,7,3,0.02,"/teams/ORL/1999.htmlFirst"
1,4.3,107.6,0.498,5.8,23.1,5.5,102.9,0.461,18777,6,1,0.02,"/teams/LAL/1999.htmlFirst"
1,5.4,104.8,0.473,4.4,23.5,4.5,103.3,0.485,5377,9,5,0.14,"/teams/POR/1999.htmlFirst"
1,5.4,104,0.479,6,24.4,5.7,101.5,0.467,15239,9,7,0.26,"/teams/SAS/1999.htmlFirst"
1,6,105.8,0.485,4.8,23.9,4.5,103.1,0.471,22947,6,3,0.26,"/teams/UTA/1999.htmlFirst"
1,5.5,108.7,0.486,6,22.3,5.9,97.6,0.454,19983,7,4,0.0600000000000001,"/teams/IND/1999.htmlSemifinals"
0,5.7,100.5,0.436,6,21.1,4.9,97.5,0.434,9608,5,4,0.08,"/teams/ATL/1999.htmlSemifinals"
1,5.4,104.8,0.473,6.3,20.5,6,98.4,0.441,5377,9,1,-0.02,"/teams/POR/1999.htmlSemifinals"
1,5.4,104,0.479,6.2,23.1,4.3,104.3,0.468,15239,9,3,0.18,"/teams/SAS/1999.htmlSemifinals"
0,5.5,108.7,0.486,6,21.1,4.9,97.5,0.434,19983,7,6,0.1,"/teams/IND/1999.htmlFinals"
1,5.4,104,0.479,6.4,21.3,5.4,97.7,0.445,15239,9,1,0.0600000000000001,"/teams/SAS/1999.htmlFinals"
1,5,107.5,0.495,6.8,24.1,5.1,104.3,0.468,10556,5,1,-0.0487804878048781,"/teams/CHH/1998.htmlFirst"
1,4.8,107.7,0.473,4.2,23.5,6.8,106.6,0.499,24371,8,7,0.182926829268293,"/teams/CHI/1998.htmlFirst"
1,5,108.4,0.502,5.6,24.1,6.1,99.1,0.46,13602,8,3,0.121951219512195,"/teams/IND/1998.htmlFirst"
0,5.1,107.6,0.494,3.8,21.7,4.3,100.3,0.455,8836,10,5,0.0853658536585367,"/teams/MIA/1998.htmlFirst"
1,5.5,111.9,0.519,6.2,23.7,6,102.4,0.46,7734,8,3,0.195121951219512,"/teams/LAL/1998.htmlFirst"
0,4.2,107.4,0.5,7.8,21.3,5.2,99.4,0.437,12295,10,1,0.0365853658536586,"/teams/PHO/1998.htmlFirst"
1,5.5,111.6,0.521,5.6,24.8,5.4,107.1,0.48,20498,8,5,0.219512195121951,"/teams/SEA/1998.htmlFirst"
1,5.8,112.7,0.51,3.9,25.5,4.9,108.6,0.499,18935,6,7,0.24390243902439,"/teams/UTA/1998.htmlFirst"
1,4.8,107.7,0.473,4.2,24.5,5,105.3,0.493,24371,8,3,0.170731707317073,"/teams/CHI/1998.htmlSemifinals"
1,5,108.4,0.502,3.8,21.7,4.3,100.3,0.455,13602,8,4,0.121951219512195,"/teams/IND/1998.htmlSemifinals"
0,5.5,111.6,0.521,7.2,23.8,5.5,103.7,0.467,20498,8,1,0,"/teams/SEA/1998.htmlSemifinals"
1,5.8,112.7,0.51,7.8,21.3,5.2,99.4,0.437,18935,6,4,0.073170731707317,"/teams/UTA/1998.htmlSemifinals"
1,4.8,107.7,0.473,5.1,21.9,5,101.6,0.453,24371,8,2,0.024390243902439,"/teams/CHI/1998.htmlFinals"
1,5.8,112.7,0.51,7.2,23.8,5.5,103.7,0.467,18935,6,2,-0.024390243902439,"/teams/UTA/1998.htmlFinals"
1,4.6,108.5,0.498,4.1,25.7,4,104.4,0.487,5028,8,1,0,"/teams/ATL/1997.htmlFirst"
1,3.9,114.4,0.511,5.3,21.9,4.4,104.9,0.491,26070,10,7,0.268292682926829,"/teams/CHI/1997.htmlFirst"
1,5.4,106.8,0.507,5,24.6,5.7,106,0.495,6516,9,5,0.207317073170732,"/teams/MIA/1997.htmlFirst"
1,3.9,104.4,0.501,4.8,24.4,4.6,108.9,0.496,15303,5,3,0.048780487804878,"/teams/NYK/1997.htmlFirst"
1,4.8,108.8,0.52,7.5,23.9,6,107.1,0.486,20698,6,3,0.207317073170732,"/teams/HOU/1997.htmlFirst"
1,5.1,108.3,0.496,5.8,22.6,5.7,103.3,0.471,16389,9,1,0,"/teams/LAL/1997.htmlFirst"
1,5.7,111.2,0.51,4.2,25.9,4.8,108.6,0.507,19171,7,5,0.231707317073171,"/teams/SEA/1997.htmlFirst"
1,5,113.6,0.53,5.8,21.8,5.5,107.6,0.499,14266,6,7,0.365853658536585,"/teams/UTA/1997.htmlFirst"
1,3.9,114.4,0.511,6,23.2,4.6,102.3,0.472,26070,10,3,0.134146341463415,"/teams/CHI/1997.htmlSemifinals"
1,5.4,106.8,0.507,5,21.2,3.9,101,0.463,6516,9,1,0.0853658536585366,"/teams/MIA/1997.htmlSemifinals"
0,5.7,111.2,0.51,4.6,24.2,4.8,104,0.481,19171,7,1,0.0975609756097561,"/teams/SEA/1997.htmlSemifinals"
1,5,113.6,0.53,7.6,24.8,5.1,103.7,0.478,14266,6,3,0.134146341463415,"/teams/UTA/1997.htmlSemifinals"
1,3.9,114.4,0.511,6,20.8,5.4,100.6,0.465,26070,10,1,0.134146341463415,"/teams/CHI/1997.htmlFinals"
1,5,113.6,0.53,4.6,24.2,4.8,104,0.481,14266,6,2,0.121951219512195,"/teams/UTA/1997.htmlFinals"
0,5.7,110.8,0.509,4.3,25,4.6,108,0.512,15057,7,3,0.0609756097560975,"/teams/IND/1996.htmlFirst"
1,4.2,115.2,0.517,5.8,21.9,5.4,103.8,0.469,20104,8,7,0.304878048780488,"/teams/CHI/1996.htmlFirst"
0,4.9,109.9,0.51,5,22.2,3.7,103.5,0.476,5585,6,1,0.0121951219512195,"/teams/CLE/1996.htmlFirst"
1,4.3,112.9,0.529,4.9,23.9,5.3,105.1,0.483,11390,6,5,0.0853658536585367,"/teams/ORL/1996.htmlFirst"
0,6.4,111.4,0.515,6.2,25.3,5.2,107.4,0.495,14184,8,1,0.0853658536585366,"/teams/LAL/1996.htmlFirst"
1,5.6,110.2,0.516,4.3,26.9,5.4,110,0.511,11606,6,5,0.195121951219512,"/teams/SAS/1996.htmlFirst"
1,5,110.3,0.526,5.7,23.5,6.6,109.1,0.498,11294,8,7,0.341463414634146,"/teams/SEA/1996.htmlFirst"
1,5.5,113.3,0.517,5.4,23.7,5.3,103.5,0.478,11758,5,3,0.134146341463415,"/teams/UTA/1996.htmlFirst"
1,4.2,115.2,0.517,5,22.2,3.7,103.5,0.476,20104,8,4,0.268292682926829,"/teams/CHI/1996.htmlSemifinals"
1,4.3,112.9,0.529,4.3,25,4.6,108,0.512,11390,6,4,0.134146341463415,"/teams/ORL/1996.htmlSemifinals"
1,5,110.3,0.526,6.2,25.3,5.2,107.4,0.495,11294,8,4,0.182926829268293,"/teams/SEA/1996.htmlSemifinals"
0,5.6,110.2,0.516,5.6,22.1,5.5,106.1,0.489,11606,6,1,-0.0121951219512195,"/teams/SAS/1996.htmlSemifinals"
1,4.2,115.2,0.517,5.3,24.6,4.3,106.9,0.491,20104,8,1,0.170731707317073,"/teams/CHI/1996.htmlFinals"
1,5,110.3,0.526,5.6,22.1,5.5,106.1,0.489,11294,8,2,0.024390243902439,"/teams/SEA/1996.htmlFinals"
0,4.9,109.6,0.517,4.6,22.5,4.9,104.3,0.488,9840,6,1,-0.0487804878048781,"/teams/CHH/1995.htmlFirst"
1,5.6,109.6,0.507,5.5,23.3,4.3,105.2,0.495,14266,7,5,0.0853658536585366,"/teams/IND/1995.htmlFirst"
1,4.3,107.2,0.508,5,25.7,6.1,104.6,0.493,17293,8,3,0.0853658536585366,"/teams/NYK/1995.htmlFirst"
1,4.6,115.1,0.539,4.7,25.8,5.9,110.6,0.512,7142,5,7,0.280487804878049,"/teams/ORL/1995.htmlFirst"
0,5.6,114.3,0.535,6.6,25.1,4.7,107.4,0.489,16497,8,3,0.170731707317073,"/teams/UTA/1995.htmlFirst"
0,6.2,114.8,0.527,7.1,27.9,6.2,109.4,0.5,12853,7,1,0.25609756097561,"/teams/SEA/1995.htmlFirst"
1,4.9,114.5,0.524,6.1,23.2,5.3,105.7,0.491,20123,8,5,-0.0121951219512195,"/teams/PHO/1995.htmlFirst"
1,5.2,111.7,0.516,7.7,23.4,6,108.2,0.487,15379,6,7,0.170731707317073,"/teams/SAS/1995.htmlFirst"
1,5.6,109.6,0.507,5.2,21.1,4.3,103.8,0.468,14266,7,1,0.024390243902439,"/teams/IND/1995.htmlSemifinals"
1,4.6,115.1,0.539,4.6,22.5,4.9,104.3,0.488,7142,5,4,0.0609756097560975,"/teams/ORL/1995.htmlSemifinals"
0,4.9,114.5,0.524,6.6,25.1,4.7,107.4,0.489,20123,8,4,0.0487804878048781,"/teams/PHO/1995.htmlSemifinals"
1,5.2,111.7,0.516,7.1,27.9,6.2,109.4,0.5,15379,6,4,0.207317073170732,"/teams/SAS/1995.htmlSemifinals"
1,4.6,115.1,0.539,4.9,24.3,5.6,105.6,0.493,7142,5,1,0.0853658536585366,"/teams/ORL/1995.htmlFinals"
0,5.2,111.7,0.516,6.6,25.1,4.7,107.4,0.489,15379,6,5,0.121951219512195,"/teams/SAS/1995.htmlFinals"
1,4.4,107.2,0.48,4.8,23.5,5.7,106.7,0.479,7312,8,7,0.0975609756097562,"/teams/ATL/1994.htmlFirst"
1,4.9,106.1,0.493,5.6,26.5,6.1,105.1,0.484,17455,7,3,-0.024390243902439,"/teams/CHI/1994.htmlFirst"
0,5.6,110.8,0.514,6,24.8,5.1,104.2,0.471,2653,5,1,0.0121951219512195,"/teams/ORL/1994.htmlFirst"
1,4.4,105.7,0.483,7.3,24.3,7.4,104.9,0.475,13350,12,5,0.158536585365854,"/teams/NYK/1994.htmlFirst"
0,5.4,111.1,0.501,8.7,22,6.3,102.3,0.453,11088,9,7,0.231707317073171,"/teams/SEA/1994.htmlFirst"
1,4,105.9,0.507,5,25.7,4.8,105.5,0.49,6316,6,5,0.0609756097560976,"/teams/HOU/1994.htmlFirst"
1,5.5,111.7,0.509,6.3,26.7,5,106.5,0.488,18956,6,3,0.0975609756097561,"/teams/PHO/1994.htmlFirst"
0,4.7,110.4,0.494,4.7,23.5,6,104.1,0.469,10322,8,1,0.0365853658536586,"/teams/SAS/1994.htmlFirst"
0,4.4,107.2,0.48,6,24.8,5.1,104.2,0.471,7312,8,4,0.0609756097560976,"/teams/ATL/1994.htmlSemifinals"
1,4.4,105.7,0.483,4.7,24.3,4.9,102.7,0.482,13350,12,1,0.121951219512195,"/teams/NYK/1994.htmlSemifinals"
1,4,105.9,0.507,5.8,27.1,5.5,106.8,0.493,6316,6,1,-0.0121951219512195,"/teams/HOU/1994.htmlSemifinals"
1,6,108.6,0.49,8.7,22,6.3,102.3,0.453,12910,5,3,0.0975609756097561,"/teams/UTA/1994.htmlSemifinals"
1,4.4,105.7,0.483,6,24.8,5.1,104.2,0.471,13350,12,3,0.109756097560976,"/teams/NYK/1994.htmlFinals"
1,4,105.9,0.507,4.7,23.5,6,104.1,0.469,6316,6,3,0,"/teams/HOU/1994.htmlFinals"
0,4.9,108.7,0.495,5.7,27.6,5.3,109.7,0.487,17087,4,1,0.0365853658536586,"/teams/BOS/1993.htmlFirst"
1,4.7,112.9,0.499,3.4,27.2,4.5,110.2,0.516,20717,7,5,0.231707317073171,"/teams/CHI/1993.htmlFirst"
1,4.7,112.7,0.518,6.6,22.6,5.3,105.2,0.48,9884,7,3,0.158536585365854,"/teams/CLE/1993.htmlFirst"
1,4.9,106.1,0.479,5.1,25.2,4.9,110.1,0.485,8075,8,7,0.146341463414634,"/teams/NYK/1993.htmlFirst"
1,4.2,109.6,0.515,6,24.1,5.5,107.1,0.489,6861,6,5,0.134146341463415,"/teams/HOU/1993.htmlFirst"
1,6.2,113.3,0.521,5.4,26.8,4.8,108.9,0.5,15669,8,7,0.231707317073171,"/teams/PHO/1993.htmlFirst"
0,5.5,108.3,0.476,6.5,24.1,4.7,106.8,0.477,16496,7,1,0.0121951219512195,"/teams/POR/1993.htmlFirst"
1,5.1,112.3,0.502,4.3,24.3,5.9,107.4,0.487,8884,10,3,0.146341463414634,"/teams/SEA/1993.htmlFirst"
1,4.7,112.9,0.499,6.8,26.9,4.7,106,0.482,20717,7,1,0,"/teams/CHI/1993.htmlSemifinals"
1,4.9,106.1,0.479,5.7,27.6,5.3,109.7,0.487,8075,8,4,0.219512195121951,"/teams/NYK/1993.htmlSemifinals"
1,6.2,113.3,0.521,6.5,24.1,4.7,106.8,0.477,15669,8,4,0.109756097560976,"/teams/PHO/1993.htmlSemifinals"
0,4.2,109.6,0.515,5.2,23.2,5.1,104.9,0.489,6861,6,1,-0.073170731707317,"/teams/HOU/1993.htmlSemifinals"
0,4.9,106.1,0.479,5.4,25.1,4.7,106.1,0.493,8075,8,1,0,"/teams/NYK/1993.htmlFinals"
1,6.2,113.3,0.521,5.2,23.2,5.1,104.9,0.489,15669,8,2,-0.024390243902439,"/teams/PHO/1993.htmlFinals"
1,5.2,110.8,0.5,4.8,26.3,4.7,109.9,0.483,21551,7,5,0.0609756097560975,"/teams/BOS/1992.htmlFirst"
1,4.5,115.5,0.518,4.6,25.7,5.5,110.9,0.508,17074,8,7,0.439024390243902,"/teams/CHI/1992.htmlFirst"
1,5.3,113.9,0.506,7.6,22.2,6,108.7,0.488,4730,6,3,0.231707317073171,"/teams/CLE/1992.htmlFirst"
1,5.1,108.3,0.491,4.7,25.1,4.9,105.3,0.468,8254,6,1,0.0609756097560976,"/teams/NYK/1992.htmlFirst"
1,6,112.1,0.508,7.7,23.7,5.8,104.1,0.469,9584,7,1,0.0731707317073171,"/teams/PHO/1992.htmlFirst"
1,5.3,111.4,0.495,5.2,28.4,5.1,108.9,0.493,16397,8,7,0.25609756097561,"/teams/POR/1992.htmlFirst"
0,5.1,113.6,0.524,5.7,23.2,6.1,108.8,0.491,5325,7,3,0.048780487804878,"/teams/GSW/1992.htmlFirst"
1,5.8,112.2,0.504,6.2,22.4,5.4,104.7,0.475,9075,5,5,0.158536585365854,"/teams/UTA/1992.htmlFirst"
1,4.5,115.5,0.518,5,23.1,5.1,104.2,0.471,17074,8,3,0.170731707317073,"/teams/CHI/1992.htmlSemifinals"
0,5.2,110.8,0.5,7.9,27.5,5.3,108.2,0.483,21551,7,1,-0.0487804878048781,"/teams/BOS/1992.htmlSemifinals"
1,5.3,111.4,0.495,7.1,23.3,6,106.2,0.471,16397,8,3,0.0365853658536585,"/teams/POR/1992.htmlSemifinals"
1,5.8,112.2,0.504,5.7,23.2,6.1,108.8,0.491,9075,5,4,0.134146341463415,"/teams/UTA/1992.htmlSemifinals"
1,4.5,115.5,0.518,7.9,27.5,5.3,108.2,0.483,17074,8,2,0.134146341463415,"/teams/CHI/1992.htmlFinals"
1,5.3,111.4,0.495,5.7,24.3,5.8,105.6,0.475,16397,8,1,0.024390243902439,"/teams/POR/1992.htmlFinals"
1,4.7,112.6,0.52,4.4,25.2,4.3,112.1,0.503,17518,7,5,0.195121951219512,"/teams/BOS/1991.htmlFirst"
1,4.4,114.6,0.521,5.3,25.3,4.7,107.3,0.489,11138,6,7,0.280487804878049,"/teams/CHI/1991.htmlFirst"
1,3.8,108.2,0.474,4.6,28.6,4.4,110.1,0.509,23379,5,3,0.0853658536585366,"/teams/DET/1991.htmlFirst"
0,5.8,109.7,0.499,6,27.7,4.9,108.1,0.489,12252,7,1,0.0853658536585366,"/teams/MIL/1991.htmlFirst"
0,5.4,107.8,0.494,4.4,25.3,5.1,110.3,0.497,6972,6,5,0.0975609756097561,"/teams/SAS/1991.htmlFirst"
1,4.3,112.1,0.5,5,24.1,4.4,103.9,0.469,21690,6,3,0.109756097560976,"/teams/LAL/1991.htmlFirst"
1,4.2,112.8,0.509,4.8,23.2,5.6,108.5,0.503,14962,7,7,0.219512195121951,"/teams/POR/1991.htmlFirst"
0,5.6,112.6,0.506,5.7,23.7,5.2,105.1,0.473,11169,8,1,0.0853658536585366,"/teams/PHO/1991.htmlFirst"
1,4.4,114.6,0.521,6,27.7,4.9,108.1,0.489,11138,6,4,0.268292682926829,"/teams/CHI/1991.htmlSemifinals"
0,4.7,112.6,0.52,4.8,22.9,3.8,104.6,0.464,17518,7,1,0.0731707317073171,"/teams/BOS/1991.htmlSemifinals"
1,4.3,112.1,0.5,4.4,25.3,5.1,110.3,0.497,21690,6,4,0.170731707317073,"/teams/LAL/1991.htmlSemifinals"
1,4.2,112.8,0.509,5.7,23.7,5.2,105.1,0.473,14962,7,4,0.146341463414634,"/teams/POR/1991.htmlSemifinals"
1,4.4,114.6,0.521,4.8,22.9,3.8,104.6,0.464,11138,6,2,0.158536585365854,"/teams/CHI/1991.htmlFinals"
0,4.2,112.8,0.509,4.9,25.7,4.3,105,0.474,14962,7,2,0.0365853658536586,"/teams/POR/1991.htmlFinals"
1,4.8,112.3,0.516,4,25,5.5,108.1,0.492,7444,3,3,0.134146341463415,"/teams/CHI/1990.htmlFirst"
1,3.9,109.9,0.49,4.4,24.2,4,111.4,0.494,16924,7,7,0.195121951219512,"/teams/DET/1990.htmlFirst"
0,4.4,112,0.506,6.1,26.2,5.2,108,0.482,24494,5,1,0.073170731707317,"/teams/BOS/1990.htmlFirst"
1,4.8,113.5,0.502,6.5,27.2,4.8,107.2,0.49,5920,6,5,0.170731707317073,"/teams/PHI/1990.htmlFirst"
1,5.3,114,0.512,6.6,24.1,4.7,103.4,0.475,24244,7,7,0.158536585365854,"/teams/LAL/1990.htmlFirst"
0,5.7,110.3,0.522,6,25.5,4.7,106.2,0.478,6743,4,1,-0.048780487804878,"/teams/UTA/1990.htmlFirst"
1,5.1,110.5,0.486,5.1,25.1,5,107.2,0.481,7160,7,3,0.195121951219512,"/teams/POR/1990.htmlFirst"
1,5.1,107.7,0.488,3.8,23.8,5.3,106.7,0.501,10893,7,5,0.0609756097560975,"/teams/SAS/1990.htmlFirst"
0,4.8,113.5,0.502,4.9,26.4,4.8,109,0.508,5920,6,1,0.0487804878048781,"/teams/PHI/1990.htmlSemifinals"
1,3.9,109.9,0.49,6.1,26.2,5.2,108,0.482,16924,7,4,0.146341463414634,"/teams/DET/1990.htmlSemifinals"
0,5.3,114,0.512,6,25.5,4.7,106.2,0.478,24244,7,4,0,"/teams/LAL/1990.htmlSemifinals"
0,5.1,107.7,0.488,4.3,23.9,5.1,104.4,0.479,10893,7,1,-0.0853658536585366,"/teams/SAS/1990.htmlSemifinals"
1,3.9,109.9,0.49,4.9,26.4,4.8,109,0.508,16924,7,2,0.0853658536585366,"/teams/DET/1990.htmlFinals"
1,5.1,110.5,0.486,6,25.5,4.7,106.2,0.478,7160,7,2,-0.0121951219512195,"/teams/POR/1990.htmlFinals"
0,4.5,110.6,0.514,4.7,26.3,4.4,107.7,0.487,4621,6,3,0.182926829268293,"/teams/CLE/1989.htmlFirst"
1,4.3,110.8,0.502,5.2,26.3,4.8,109.6,0.493,18364,10,7,0.146341463414634,"/teams/DET/1989.htmlFirst"
0,4.3,112.2,0.48,4,26,5.2,106.4,0.493,8986,7,1,0.0487804878048781,"/teams/ATL/1989.htmlFirst"
1,5,111.1,0.512,4.4,28.1,5.5,111.5,0.513,3221,7,5,0.0609756097560975,"/teams/NYK/1989.htmlFirst"
0,6.3,106.6,0.491,7.2,24.9,5.4,107.7,0.479,6877,4,5,0.182926829268293,"/teams/UTA/1989.htmlFirst"
1,5.2,113.8,0.518,4.5,24.1,4.2,108,0.501,28661,7,7,0.158536585365854,"/teams/LAL/1989.htmlFirst"
1,5,113.1,0.509,4.9,24,5.4,107.1,0.505,3655,7,3,0.170731707317073,"/teams/PHO/1989.htmlFirst"
1,5,111.5,0.496,6,23.9,5.2,104.8,0.481,6987,6,1,0.048780487804878,"/teams/SEA/1989.htmlFirst"
0,5,111.1,0.512,4.7,26.3,4.4,107.7,0.487,3221,7,4,0.0609756097560975,"/teams/NYK/1989.htmlSemifinals"
1,4.3,110.8,0.502,4,26,5.2,106.4,0.493,18364,10,4,0.0731707317073171,"/teams/DET/1989.htmlSemifinals"
1,5.2,113.8,0.518,6,23.7,5,108.6,0.498,28661,7,3,0.121951219512195,"/teams/LAL/1989.htmlSemifinals"
1,5,113.1,0.509,7.2,24.9,5.4,107.7,0.479,3655,7,4,0.231707317073171,"/teams/PHO/1989.htmlSemifinals"
1,4.3,110.8,0.502,4.7,26.3,4.4,107.7,0.487,18364,10,5,0.134146341463415,"/teams/DET/1989.htmlFinals"
1,5.2,113.8,0.518,4.8,25.2,5,105.7,0.476,28661,7,2,-0.0121951219512195,"/teams/LAL/1989.htmlFinals"
1,4.4,111.3,0.491,4.7,26.6,5.6,107.6,0.483,6458,6,1,0.109756097560976,"/teams/ATL/1988.htmlFirst"
1,4.3,115.4,0.541,5.4,24.5,5.5,106.4,0.486,28694,4,7,0.195121951219512,"/teams/BOS/1988.htmlFirst"
1,5.3,109,0.494,6.6,24.8,5.6,106,0.485,7264,6,3,0.0853658536585366,"/teams/CHI/1988.htmlFirst"
1,5,110.5,0.497,6.2,26.3,6.5,107.2,0.487,10535,7,5,0.182926829268293,"/teams/DET/1988.htmlFirst"
1,5.5,112.2,0.485,6,23.4,4.4,105.7,0.473,5338,8,3,0.0853658536585366,"/teams/DAL/1988.htmlFirst"
1,5.9,110.1,0.486,5.4,23.7,5.1,108.1,0.495,10178,7,5,0.0609756097560975,"/teams/DEN/1988.htmlFirst"
1,4.8,113.1,0.515,5.4,28.7,6.2,112.8,0.512,25252,7,7,0.329268292682927,"/teams/LAL/1988.htmlFirst"
0,4.4,111.8,0.499,7.5,23.9,5.7,103.1,0.459,10828,5,1,0.0121951219512195,"/teams/POR/1988.htmlFirst"
1,4.3,115.4,0.541,6.8,24.9,4.4,107.6,0.481,28694,4,3,0.0609756097560976,"/teams/BOS/1988.htmlSemifinals"
1,5,110.5,0.497,6,26.3,5.3,105.5,0.478,10535,7,1,0.0487804878048781,"/teams/DET/1988.htmlSemifinals"
0,5.9,110.1,0.486,5.6,28.1,5.5,107.7,0.481,10178,7,1,-0.0121951219512195,"/teams/DEN/1988.htmlSemifinals"
1,4.8,113.1,0.515,7.5,23.9,5.7,103.1,0.459,25252,7,4,0.0609756097560976,"/teams/LAL/1988.htmlSemifinals"
0,4.3,115.4,0.541,4.9,24.2,5,105.3,0.475,28694,4,1,0.024390243902439,"/teams/BOS/1988.htmlFinals"
1,4.8,113.1,0.515,5.6,28.1,5.5,107.7,0.481,25252,7,2,0.0487804878048781,"/teams/LAL/1988.htmlFinals"
1,4.8,112.6,0.49,3.8,24.6,5.8,106.6,0.487,7435,8,5,0.24390243902439,"/teams/ATL/1987.htmlFirst"
1,4.2,113.5,0.532,5.5,25.6,6.2,107.6,0.491,22134,4,7,0.170731707317073,"/teams/BOS/1987.htmlFirst"
1,5.7,109.2,0.492,8.3,26.1,6.7,107,0.48,4073,6,3,0.158536585365854,"/teams/DET/1987.htmlFirst"
1,5.6,109.5,0.487,6.7,27.3,5.5,108.5,0.499,13651,6,1,0.134146341463415,"/teams/MIL/1987.htmlFirst"
0,5.4,104.1,0.473,3.8,25.8,5.3,111.2,0.503,5298,3,1,0.0853658536585366,"/teams/UTA/1987.htmlFirst"
0,5.5,111.5,0.51,6.7,25.8,4.5,105.5,0.47,7270,4,3,0.0609756097560975,"/teams/POR/1987.htmlFirst"
1,4.8,115.6,0.528,4.8,25,5.2,110.2,0.503,20838,8,7,0.280487804878049,"/teams/LAL/1987.htmlFirst"
0,5.1,114.9,0.503,5.3,24,4.9,110.3,0.486,4545,8,5,0.170731707317073,"/teams/DAL/1987.htmlFirst"
1,4.2,113.5,0.532,4.8,24.4,5.6,105.6,0.479,22134,4,3,0.073170731707317,"/teams/BOS/1987.htmlSemifinals"
0,4.8,112.6,0.49,5.2,24.3,5.7,105.8,0.471,7435,8,1,0.109756097560976,"/teams/ATL/1987.htmlSemifinals"
1,4.8,115.6,0.528,3.8,25.8,5.3,111.2,0.503,20838,8,4,0.329268292682927,"/teams/LAL/1987.htmlSemifinals"
0,4.5,106.5,0.483,5.3,24,4.9,110.3,0.486,9998,4,1,0.024390243902439,"/teams/HOU/1987.htmlSemifinals"
1,4.2,113.5,0.532,5.2,24.3,5.7,105.8,0.471,22134,4,2,0.0853658536585366,"/teams/BOS/1987.htmlFinals"
1,4.8,115.6,0.528,5.3,24,4.9,110.3,0.486,20838,8,6,0.24390243902439,"/teams/LAL/1987.htmlFinals"
1,4.5,107.9,0.493,4,24.3,5.8,107.9,0.496,3995,7,1,0.0365853658536585,"/teams/ATL/1986.htmlFirst"
1,4.1,111.8,0.518,4.8,26.3,6,112.4,0.509,17609,7,7,0.390243902439024,"/teams/BOS/1986.htmlFirst"
1,4.7,111.4,0.501,4,23.7,4.6,106.9,0.499,5415,11,5,0.317073170731707,"/teams/MIL/1986.htmlFirst"
1,5.6,108.6,0.49,8.7,24.6,5.5,104.8,0.472,23246,6,3,0.134146341463415,"/teams/PHI/1986.htmlFirst"
1,5,112.1,0.51,7.8,23.2,5.5,104.6,0.477,3257,5,1,0.0487804878048781,"/teams/DAL/1986.htmlFirst"
1,5.5,107.1,0.475,4.1,26.1,4.9,108.2,0.507,7016,5,3,0,"/teams/DEN/1986.htmlFirst"
1,4.5,110.1,0.496,4.6,25.2,5.7,109.2,0.499,3310,5,5,0.182926829268293,"/teams/HOU/1986.htmlFirst"
1,4.2,113.3,0.532,4.6,26.5,5.3,108.2,0.499,21381,8,7,0.280487804878049,"/teams/LAL/1986.htmlFirst"
1,4.1,111.8,0.518,5.3,23.6,4.5,105.6,0.481,17609,7,3,0.195121951219512,"/teams/BOS/1986.htmlSemifinals"
1,4.7,111.4,0.501,5.9,27.1,5.6,106.3,0.499,5415,11,1,0.182926829268293,"/teams/MIL/1986.htmlSemifinals"
1,4.5,110.1,0.496,4.8,24,5.5,105.9,0.495,3310,5,1,0.048780487804878,"/teams/HOU/1986.htmlSemifinals"
1,4.2,113.3,0.532,4.4,28.2,5,111,0.508,21381,8,3,0.182926829268293,"/teams/LAL/1986.htmlSemifinals"
1,4.1,111.8,0.518,5.5,23.2,4.7,102.7,0.473,17609,7,1,0.0121951219512195,"/teams/BOS/1986.htmlFinals"
0,4.2,113.3,0.532,6.5,25.8,4.5,107.6,0.497,21381,8,1,0.134146341463415,"/teams/LAL/1986.htmlFinals"
1,3.8,112.8,0.515,5.6,26.4,5.1,108.7,0.483,17125,6,7,0.280487804878049,"/teams/BOS/1985.htmlFirst"
1,5.9,109.6,0.483,5,23.7,4.2,107.7,0.505,2529,5,1,0.0609756097560975,"/teams/DET/1985.htmlFirst"
1,4.7,110.5,0.497,5.7,24.9,5.5,109.6,0.495,6351,9,5,0.231707317073171,"/teams/MIL/1985.htmlFirst"
1,4.7,111.3,0.497,4.7,24,4.8,104.6,0.491,19240,6,3,0.134146341463415,"/teams/PHI/1985.htmlFirst"
1,6.6,110.7,0.491,5.2,26.6,5.5,109,0.501,8170,3,5,0.048780487804878,"/teams/DEN/1985.htmlFirst"
1,4.4,114.1,0.551,4.1,25.8,4.8,106.8,0.498,20777,8,7,0.280487804878049,"/teams/LAL/1985.htmlFirst"
0,5.3,111.5,0.499,6,26.1,5.4,107.2,0.497,2046,6,1,-0.024390243902439,"/teams/DAL/1985.htmlFirst"
0,4.9,107.9,0.507,8.1,23.9,5.1,103.4,0.469,4941,5,3,0.0487804878048781,"/teams/HOU/1985.htmlFirst"
1,3.8,112.8,0.515,4.6,24.3,5.9,107.2,0.501,17125,6,3,0.121951219512195,"/teams/BOS/1985.htmlSemifinals"
0,4.7,110.5,0.497,6.4,25.7,4.7,107.3,0.494,6351,9,1,0.0853658536585366,"/teams/MIL/1985.htmlSemifinals"
1,6.6,110.7,0.491,8.1,23.9,5.1,103.4,0.469,8170,3,4,0.073170731707317,"/teams/DEN/1985.htmlSemifinals"
1,4.4,114.1,0.551,6,26.1,5.4,107.2,0.497,20777,8,4,0.109756097560976,"/teams/LAL/1985.htmlSemifinals"
1,3.8,112.8,0.515,6.4,25.7,4.7,107.3,0.494,17125,6,2,0.073170731707317,"/teams/BOS/1985.htmlFinals"
1,4.4,114.1,0.551,4.8,24.2,6.6,108.4,0.516,20777,8,1,0.134146341463415,"/teams/LAL/1985.htmlFinals"
1,4,110.9,0.504,4,25.2,6.1,107.2,0.492,12361,6,7,0.292682926829268,"/teams/BOS/1984.htmlFirst"
1,4,107.8,0.497,7.1,25.7,5.4,106.9,0.482,10907,7,5,0.182926829268293,"/teams/MIL/1984.htmlFirst"
0,5.8,106.8,0.497,5.9,22.5,4.9,105,0.494,18244,5,3,0.0365853658536585,"/teams/PHI/1984.htmlFirst"
0,6.1,111.5,0.482,4.4,25,4.8,103.1,0.491,2475,7,1,-0.0121951219512195,"/teams/DET/1984.htmlFirst"
1,5.1,110,0.503,4.3,27.7,4.7,108.1,0.492,178,5,1,0.0121951219512195,"/teams/DAL/1984.htmlFirst"
1,4.4,110.9,0.536,4.5,24.9,5.8,108,0.505,16397,5,7,0.158536585365854,"/teams/LAL/1984.htmlFirst"
0,5.3,111.2,0.507,4.6,24.6,3.6,108,0.501,2358,6,3,0.0853658536585366,"/teams/POR/1984.htmlFirst"
1,5.4,109,0.505,3.9,26.9,6,112.3,0.522,1557,3,5,0.0731707317073171,"/teams/UTA/1984.htmlFirst"
1,4,110.9,0.504,4.4,25,4.8,103.1,0.491,12361,6,4,0.073170731707317,"/teams/BOS/1984.htmlSemifinals"
1,4,107.8,0.497,5.9,22.5,4.9,105,0.494,10907,7,4,0.0975609756097561,"/teams/MIL/1984.htmlSemifinals"
1,4.4,110.9,0.536,4.4,25.9,5.1,109.6,0.503,16397,5,3,0.0975609756097561,"/teams/LAL/1984.htmlSemifinals"
0,5.4,109,0.505,4.6,24.6,3.6,108,0.501,1557,3,4,0.0121951219512195,"/teams/UTA/1984.htmlSemifinals"
1,4,110.9,0.504,6.1,24.4,4,103.6,0.459,12361,6,1,0.0609756097560975,"/teams/BOS/1984.htmlFinals"
1,4.4,110.9,0.536,4.6,24.6,3.6,108,0.501,16397,5,5,0.0853658536585366,"/teams/LAL/1984.htmlFinals"
